N,P,K,temperature,humidity,ph,rainfall,label
92.8,39.5,36.1,25.5,79.6,5.3,203.4,rice
93.5,49.4,37.2,22.9,85.7,6.2,197.9,rice
81.4,39.3,39.8,23.4,80.1,6.4,231.3,rice
89.8,59.7,46.0,20.1,81.1,6.5,240.7,rice
86.8,55.0,42.3,20.5,87.1,5.2,223.2,rice
103.7,55.1,42.0,26.1,85.3,6.0,192.6,rice
78.4,49.8,43.0,24.5,82.1,5.3,294.1,rice
117.2,57.8,44.3,22.1,83.9,6.4,208.4,rice
85.7,42.7,38.3,27.5,89.6,5.4,214.7,rice
99.2,37.2,36.9,21.2,82.4,6.3,271.3,rice
97.5,51.2,34.9,21.8,82.1,5.1,244.7,rice
84.5,53.5,36.1,22.2,87.2,6.8,221.7,rice
80.8,46.1,43.5,21.2,81.8,5.1,193.1,rice
105.2,52.8,35.5,22.7,89.8,6.2,224.9,rice
92.4,50.3,48.4,23.5,81.0,5.1,256.8,rice
120.1,58.2,40.4,25.5,85.1,6.9,200.5,rice
106.7,53.6,40.1,22.7,88.4,6.9,248.5,rice
106.0,53.0,38.7,22.7,79.5,5.8,252.7,rice
79.4,47.4,43.8,20.0,82.9,6.5,267.2,rice
93.8,54.0,32.4,19.8,83.4,5.3,257.7,rice
107.2,53.6,37.7,24.7,79.9,5.4,232.5,rice
97.1,48.0,38.1,22.7,90.9,6.3,250.6,rice
113.8,53.6,41.0,22.7,89.1,5.7,278.3,rice
107.2,51.4,44.2,22.3,87.4,6.8,267.1,rice
96.7,53.0,36.1,26.3,83.0,5.1,287.3,rice
116.8,62.6,41.6,22.7,86.3,6.5,245.9,rice
97.0,39.5,37.7,21.4,80.4,6.7,270.5,rice
116.9,58.3,38.6,24.4,90.6,5.2,236.2,rice
84.8,51.1,41.7,25.7,82.3,7.1,191.2,rice
101.0,49.9,45.0,24.0,87.2,5.5,215.6,rice
99.5,56.1,43.3,23.7,89.3,6.6,300.0,rice
93.0,59.8,40.2,22.8,88.6,6.8,294.9,rice
113.4,35.0,41.8,25.0,85.4,6.3,243.0,rice
117.2,50.9,39.4,21.7,83.0,5.1,239.7,rice
116.6,50.2,40.9,26.8,81.5,5.6,235.1,rice
94.0,50.6,36.1,20.3,83.9,7.0,199.1,rice
86.1,36.1,33.3,22.5,84.9,6.6,259.6,rice
108.7,38.5,37.4,24.0,85.3,5.2,282.5,rice
98.5,46.3,38.7,22.2,79.1,5.6,195.5,rice
109.0,53.0,40.4,23.9,82.9,5.7,241.9,rice
94.3,41.2,35.1,20.8,81.0,6.7,177.1,rice
120.7,38.6,43.5,25.4,86.2,7.1,221.7,rice
109.7,43.6,39.2,24.1,81.7,6.0,243.2,rice
84.6,35.4,43.3,25.0,86.6,5.7,202.2,rice
83.6,59.2,35.2,21.4,82.2,6.1,221.7,rice
114.6,44.6,33.6,24.4,89.0,5.9,255.4,rice
85.0,44.5,37.4,24.4,88.5,5.7,217.4,rice
115.9,46.1,35.6,22.1,87.4,6.2,222.9,rice
87.6,46.7,40.0,25.6,82.0,6.9,266.1,rice
102.0,46.0,44.5,24.4,84.5,5.2,177.6,rice
95.0,53.4,41.0,22.8,81.1,5.3,243.8,rice
94.2,47.5,45.6,20.6,89.8,5.9,270.7,rice
88.2,40.1,40.5,19.9,89.1,5.6,222.2,rice
87.7,56.2,38.8,24.3,81.5,6.4,206.8,rice
89.4,39.2,40.8,21.6,87.5,5.8,256.9,rice
114.0,32.0,47.5,25.1,83.0,6.3,222.1,rice
98.6,57.6,44.6,25.6,86.4,5.6,190.3,rice
91.1,32.2,41.6,24.3,80.6,5.4,267.7,rice
86.7,46.2,39.5,24.3,80.9,5.6,269.2,rice
95.5,51.8,37.5,20.5,79.0,5.8,277.4,rice
84.6,46.7,38.8,25.5,86.9,6.3,216.7,rice
101.2,58.5,42.8,24.6,85.5,5.5,184.7,rice
108.8,58.8,46.7,25.9,81.8,5.3,184.0,rice
111.5,37.5,39.0,22.7,86.4,5.5,276.1,rice
122.4,43.7,41.6,27.0,86.0,6.3,207.2,rice
89.9,38.5,39.4,21.4,88.0,7.1,196.7,rice
122.0,51.1,36.3,21.0,87.3,6.9,284.2,rice
108.0,53.1,36.5,22.7,86.7,5.1,198.5,rice
116.6,50.9,32.4,21.2,86.4,5.4,244.6,rice
102.0,58.3,38.4,22.0,86.9,6.7,284.0,rice
109.9,56.9,35.8,24.8,82.0,6.1,184.9,rice
116.3,52.3,37.7,25.6,85.0,7.0,284.6,rice
84.5,37.5,37.3,24.2,83.0,6.8,298.7,rice
79.9,35.3,38.6,23.9,89.6,5.7,274.5,rice
110.0,44.5,44.1,26.0,83.0,5.7,302.6,rice
88.8,40.5,38.2,26.3,81.8,6.8,285.0,rice
108.6,36.5,46.7,23.6,81.5,5.8,200.4,rice
103.3,40.5,41.5,20.0,84.1,6.3,277.7,rice
111.1,36.5,42.2,24.9,84.7,5.7,183.1,rice
83.8,51.2,38.2,21.3,86.3,5.2,286.3,rice
107.4,57.5,36.0,26.2,84.9,6.7,184.6,rice
110.5,57.4,42.0,21.0,87.4,5.3,266.7,rice
106.0,42.5,41.8,26.1,83.2,6.1,292.1,rice
102.8,54.1,42.7,21.4,84.6,5.5,247.1,rice
92.1,45.4,46.3,21.7,86.2,5.1,189.9,rice
113.7,47.1,39.3,21.6,86.0,6.7,290.7,rice
87.6,35.3,40.0,26.0,82.6,5.3,299.1,rice
115.6,42.2,47.5,20.5,87.4,7.0,230.0,rice
115.8,54.1,44.4,25.3,88.2,6.9,257.4,rice
107.7,43.3,42.2,27.5,87.6,6.2,230.3,rice
95.2,55.2,45.6,20.7,84.2,6.2,218.9,rice
94.3,41.0,40.3,23.2,88.0,6.0,220.9,rice
98.1,44.7,42.4,25.3,89.3,6.9,186.3,rice
85.2,45.4,36.1,24.7,86.5,6.4,186.7,rice
85.3,49.2,42.4,21.3,91.0,6.1,187.6,rice
104.3,54.9,37.9,24.9,88.7,5.8,209.5,rice
116.5,35.7,45.7,20.6,87.0,5.2,189.0,rice
105.1,43.7,36.6,27.1,83.3,6.0,304.5,rice
85.7,48.4,35.5,22.1,79.9,6.6,213.2,rice
106.3,46.0,39.2,27.3,89.3,5.9,291.5,rice
65.0,49.7,19.1,21.0,67.8,5.6,110.0,maize
95.2,46.5,23.0,19.4,69.8,5.4,73.6,maize
63.7,44.1,23.3,22.1,73.6,6.8,68.2,maize
97.5,57.8,19.2,18.1,68.5,6.0,102.0,maize
70.2,53.5,11.7,19.3,62.9,6.2,61.1,maize
64.8,52.1,18.9,19.0,74.8,5.5,64.0,maize
72.7,35.3,17.0,24.1,64.5,6.8,80.0,maize
74.2,57.4,16.6,21.5,60.2,6.7,65.2,maize
58.5,48.6,17.2,20.9,67.4,6.0,84.4,maize
98.6,57.0,17.1,20.2,68.7,6.5,94.7,maize
60.3,53.6,19.7,18.8,68.5,6.1,80.9,maize
69.7,39.9,21.2,20.7,63.9,5.8,94.1,maize
84.6,59.3,25.9,25.6,70.4,6.0,103.4,maize
74.7,47.1,17.7,19.2,67.8,6.0,103.7,maize
98.4,44.9,25.2,24.3,58.9,6.9,61.7,maize
88.9,55.5,20.4,25.7,66.2,6.1,106.8,maize
84.2,47.5,16.8,26.5,58.3,5.8,91.4,maize
70.4,44.4,18.0,24.1,56.9,5.9,85.6,maize
92.1,48.2,24.3,18.6,69.0,5.6,98.3,maize
87.9,50.7,24.9,23.0,68.5,6.4,71.4,maize
71.4,40.2,21.4,22.1,67.4,6.1,108.0,maize
79.6,36.8,12.9,18.0,66.1,6.1,101.1,maize
67.1,49.9,16.7,22.3,64.6,5.8,92.5,maize
85.1,57.0,15.7,25.7,69.3,6.1,63.1,maize
96.5,43.0,19.0,23.1,73.6,5.8,91.0,maize
83.7,46.8,19.2,18.8,59.5,6.9,79.1,maize
93.8,53.0,20.3,21.9,57.9,6.3,89.0,maize
80.6,53.9,22.7,19.5,61.1,6.5,104.4,maize
94.5,47.3,24.7,25.8,64.8,6.5,107.7,maize
97.4,36.4,23.3,23.8,63.5,6.8,95.4,maize
93.4,56.8,16.7,25.8,67.9,6.3,65.1,maize
80.7,59.7,21.6,23.1,55.0,6.5,105.6,maize
61.6,57.6,26.8,21.0,64.3,6.2,82.2,maize
68.9,51.7,17.7,22.4,68.7,6.0,115.1,maize
86.1,41.5,21.1,25.8,62.0,6.4,80.4,maize
94.9,58.2,23.0,20.5,66.9,5.5,91.8,maize
82.4,37.6,18.8,25.9,61.0,6.7,65.3,maize
70.2,57.5,19.1,17.9,66.7,6.1,58.1,maize
97.0,51.6,25.4,18.0,65.9,6.8,91.3,maize
94.5,58.3,24.7,21.6,66.7,7.0,86.0,maize
81.6,49.4,15.5,22.7,75.5,6.3,91.2,maize
74.1,46.4,12.8,23.0,64.7,5.6,85.7,maize
81.3,44.6,14.1,21.2,65.1,6.7,107.6,maize
74.5,47.2,21.8,23.9,73.6,6.7,91.3,maize
62.9,39.8,19.3,18.4,57.1,6.5,99.8,maize
56.9,51.3,25.3,24.5,57.1,5.3,81.1,maize
79.2,54.7,22.5,22.3,67.5,6.6,85.0,maize
95.3,54.3,19.4,22.1,69.5,6.0,61.1,maize
93.7,34.8,18.6,19.3,64.3,6.3,87.7,maize
64.7,47.2,23.7,20.9,55.1,6.5,103.2,maize
64.5,57.7,18.0,20.3,66.0,6.2,97.0,maize
74.5,39.0,22.9,23.5,56.0,6.1,91.8,maize
100.3,51.0,20.3,17.7,63.0,7.0,106.8,maize
98.3,37.5,23.5,20.4,73.4,6.3,84.0,maize
72.7,43.2,25.5,25.7,75.8,6.6,94.5,maize
95.3,36.3,22.1,24.6,69.2,6.5,74.2,maize
90.4,57.6,14.0,18.6,70.3,5.8,101.2,maize
93.0,54.6,20.3,17.9,54.7,6.0,106.7,maize
63.0,43.7,18.7,24.4,55.8,5.9,76.0,maize
95.9,44.6,21.0,20.1,67.1,6.0,106.1,maize
84.5,48.0,13.5,24.8,71.7,6.4,63.4,maize
81.6,42.8,13.6,24.4,60.5,6.5,70.7,maize
75.9,41.9,22.6,26.7,62.5,6.3,94.2,maize
85.0,57.0,18.2,24.8,62.3,6.7,83.0,maize
65.5,33.5,25.1,25.5,58.9,7.0,75.6,maize
75.0,41.0,19.8,24.6,58.2,6.7,55.8,maize
61.0,56.1,12.1,17.6,57.3,5.8,86.2,maize
78.6,63.1,18.6,25.0,76.1,5.7,74.2,maize
62.7,46.5,20.5,26.1,72.6,6.3,77.9,maize
68.8,44.5,19.5,18.8,56.6,6.0,64.1,maize
85.7,41.5,20.5,24.9,60.8,5.9,85.1,maize
63.7,36.5,24.3,22.8,67.0,5.7,79.9,maize
80.7,39.0,20.4,20.4,74.3,5.9,78.3,maize
85.2,60.6,22.9,26.5,75.1,6.6,89.7,maize
72.7,41.4,20.6,18.9,55.8,5.8,88.2,maize
91.8,52.9,13.5,21.9,61.1,6.0,89.7,maize
96.9,45.1,23.7,20.4,67.4,6.8,57.5,maize
61.6,36.3,17.4,25.8,68.6,6.2,82.4,maize
98.6,46.1,20.8,19.0,61.3,5.7,63.5,maize
77.8,54.3,23.9,24.5,72.9,6.3,53.5,maize
66.5,31.2,23.3,20.2,60.8,6.9,75.8,maize
86.1,54.5,21.7,26.0,66.5,5.8,70.3,maize
92.4,36.3,14.5,24.8,70.2,6.2,83.9,maize
80.5,60.2,25.5,20.2,62.4,6.1,92.8,maize
93.1,38.9,21.4,18.9,71.7,5.9,96.2,maize
101.3,39.9,23.7,19.7,64.3,5.6,98.5,maize
85.6,52.2,20.9,20.3,62.4,5.8,93.2,maize
91.0,45.8,17.0,18.8,67.7,6.4,83.5,maize
89.4,40.9,16.7,26.8,58.8,6.5,75.6,maize
67.2,36.6,17.6,24.0,56.9,5.6,65.5,maize
87.0,44.2,17.5,24.0,61.9,6.6,106.3,maize
84.1,50.8,18.5,23.1,72.5,6.1,95.7,maize
97.4,53.4,20.9,21.7,69.5,6.4,95.9,maize
61.7,40.7,16.3,19.9,59.1,5.8,88.8,maize
87.7,56.5,21.5,23.7,70.0,5.8,79.3,maize
83.1,43.3,21.1,26.2,59.2,6.4,82.3,maize
96.5,32.0,16.6,22.4,73.8,6.1,89.3,maize
65.4,37.8,21.7,25.0,61.1,6.0,78.5,maize
76.4,53.8,15.8,21.9,74.9,6.0,71.8,maize
95.2,55.7,24.3,18.9,69.4,5.9,76.8,maize
22.8,64.7,76.3,18.7,15.3,6.6,72.1,chickpea
43.2,68.1,77.3,19.8,15.2,8.5,79.6,chickpea
43.6,57.0,81.0,19.9,12.5,6.1,88.6,chickpea
40.9,68.5,76.8,20.5,19.1,8.2,87.8,chickpea
38.7,76.5,79.3,19.9,19.1,7.6,95.0,chickpea
21.8,63.8,87.7,18.7,15.4,7.0,75.8,chickpea
51.5,57.1,76.8,18.1,19.1,6.3,95.0,chickpea
50.9,72.8,81.8,19.1,15.7,8.5,88.9,chickpea
45.5,70.1,81.1,19.3,15.0,6.6,75.7,chickpea
40.0,60.1,77.9,20.8,16.2,7.9,83.8,chickpea
31.3,71.1,74.1,20.0,19.6,6.6,62.9,chickpea
40.2,55.1,81.6,16.5,20.6,8.6,93.4,chickpea
52.1,70.7,78.0,19.8,19.1,6.3,71.7,chickpea
41.5,60.4,76.5,20.7,14.9,8.5,93.8,chickpea
57.8,83.3,86.1,18.3,16.1,8.6,67.9,chickpea
60.1,81.8,83.2,19.3,17.4,8.0,69.2,chickpea
42.2,73.4,78.6,18.9,14.7,8.1,92.7,chickpea
50.6,74.0,85.1,16.8,20.1,7.5,72.1,chickpea
19.7,69.9,84.5,18.2,19.0,8.1,75.0,chickpea
38.7,75.8,74.7,21.1,19.9,6.2,70.4,chickpea
25.7,57.1,73.3,20.0,14.9,6.3,79.5,chickpea
20.2,59.5,79.1,19.5,17.2,8.3,74.9,chickpea
22.9,68.8,72.1,20.1,13.2,7.8,87.9,chickpea
55.9,65.3,85.2,20.0,16.4,7.7,82.8,chickpea
33.9,65.3,78.6,18.0,20.0,7.5,73.5,chickpea
43.4,62.5,81.5,17.3,14.4,8.4,93.1,chickpea
42.2,73.0,78.9,20.0,19.3,6.5,69.7,chickpea
31.6,55.6,82.0,19.9,14.9,6.3,66.1,chickpea
30.3,76.2,82.9,17.5,18.9,8.7,93.9,chickpea
26.1,54.6,77.9,19.5,17.9,6.1,75.6,chickpea
50.5,55.6,82.7,17.7,16.3,7.0,89.1,chickpea
28.6,73.4,79.1,18.0,15.5,7.0,73.9,chickpea
42.1,78.5,85.1,18.4,16.7,7.8,89.3,chickpea
20.6,64.4,80.8,20.5,18.4,6.1,95.5,chickpea
34.6,66.8,83.3,19.7,20.0,6.2,68.4,chickpea
34.2,64.5,83.1,17.8,15.6,7.2,82.2,chickpea
41.3,62.6,76.9,20.1,16.9,8.7,99.2,chickpea
57.6,65.9,77.1,18.8,19.8,6.6,83.8,chickpea
22.1,61.7,73.2,21.0,18.8,7.0,67.2,chickpea
37.7,57.8,82.1,18.7,17.3,7.1,72.3,chickpea
28.2,65.4,82.3,19.6,18.1,6.6,94.7,chickpea
25.2,64.6,80.9,21.7,14.9,7.2,88.6,chickpea
46.0,67.5,79.8,19.7,15.8,7.0,83.2,chickpea
25.4,64.1,82.6,16.6,19.0,7.6,79.1,chickpea
59.0,77.8,86.9,19.3,20.5,7.2,85.5,chickpea
53.9,68.0,81.1,21.0,16.4,7.5,65.9,chickpea
24.6,62.3,84.4,17.8,20.0,7.8,87.9,chickpea
26.6,58.2,79.1,18.4,18.9,6.2,64.4,chickpea
44.2,61.5,74.5,20.2,19.0,6.1,80.4,chickpea
43.2,53.9,77.4,19.5,17.2,6.7,96.8,chickpea
33.7,65.8,82.1,18.2,16.9,8.4,70.9,chickpea
20.5,63.4,77.6,19.2,17.6,8.1,72.2,chickpea
37.8,54.7,78.5,17.3,18.4,8.5,71.6,chickpea
26.8,72.8,85.2,18.8,15.5,7.8,93.7,chickpea
27.5,71.7,83.1,18.6,14.6,7.5,95.2,chickpea
43.3,75.8,76.1,20.2,19.0,7.8,86.8,chickpea
39.0,59.1,83.2,19.3,16.4,6.2,85.6,chickpea
52.9,62.7,75.8,18.1,16.3,7.5,80.6,chickpea
61.9,71.4,76.1,18.0,18.4,8.0,83.3,chickpea
56.5,77.2,86.8,18.5,16.7,7.8,75.5,chickpea
32.2,65.6,81.5,17.1,17.0,6.0,84.3,chickpea
28.9,71.6,75.7,17.8,14.0,6.5,82.3,chickpea
53.8,64.7,81.4,18.8,13.9,7.7,91.0,chickpea
56.6,69.0,79.7,16.9,16.0,8.4,92.7,chickpea
29.4,67.2,78.2,19.1,19.8,6.7,78.4,chickpea
52.9,68.0,84.1,19.2,16.4,7.0,87.2,chickpea
50.5,62.5,78.1,20.1,15.7,8.6,75.4,chickpea
39.2,54.9,77.6,17.4,17.3,8.0,62.9,chickpea
52.9,79.9,81.4,19.1,15.6,7.1,65.7,chickpea
23.7,70.8,81.3,18.5,15.9,7.6,77.9,chickpea
25.3,67.6,78.2,17.5,18.0,8.2,76.1,chickpea
20.0,70.4,85.4,20.4,19.6,6.0,73.2,chickpea
35.1,59.4,80.5,18.3,17.0,7.1,95.3,chickpea
45.7,71.6,88.1,18.5,18.3,7.7,83.5,chickpea
27.9,66.5,75.6,18.3,14.6,7.1,75.5,chickpea
40.6,56.8,79.2,20.8,14.4,6.5,69.3,chickpea
56.9,58.6,73.4,18.5,20.3,6.4,72.5,chickpea
20.4,69.5,83.4,18.7,18.9,6.7,65.1,chickpea
28.4,70.8,78.0,19.5,20.5,8.3,64.1,chickpea
55.7,58.3,84.5,19.3,19.1,8.4,67.4,chickpea
32.2,70.2,85.8,18.2,16.2,7.2,83.3,chickpea
39.6,64.2,78.0,18.4,16.8,6.8,97.8,chickpea
48.9,63.2,81.2,18.3,15.7,6.8,87.4,chickpea
56.9,57.6,81.1,19.5,16.9,6.6,83.8,chickpea
55.5,76.9,79.6,17.4,16.0,7.5,74.2,chickpea
23.9,56.3,78.0,19.3,20.0,8.6,86.9,chickpea
47.5,80.3,83.5,17.0,15.1,6.7,69.1,chickpea
49.3,62.6,79.7,18.9,16.0,8.3,99.2,chickpea
36.5,71.6,80.8,17.5,17.9,6.7,73.0,chickpea
50.1,80.4,82.6,19.6,13.2,7.3,72.2,chickpea
51.6,77.9,82.4,20.0,18.5,7.5,79.1,chickpea
32.5,74.8,82.3,20.4,14.4,8.1,78.3,chickpea
54.5,79.8,79.5,19.0,15.2,7.9,80.7,chickpea
49.1,58.6,83.8,18.6,15.3,7.1,84.9,chickpea
32.8,63.4,76.4,20.8,14.8,7.3,78.3,chickpea
42.4,58.9,79.8,19.4,14.8,8.2,87.9,chickpea
30.4,66.3,81.0,20.7,14.7,6.0,94.8,chickpea
28.1,58.3,83.7,18.7,15.1,7.2,72.4,chickpea
21.2,74.2,82.2,18.7,19.0,8.9,80.7,chickpea
56.4,77.0,77.3,16.3,18.4,6.8,68.1,chickpea
17.2,59.6,21.0,23.0,20.7,5.9,60.1,kidneybeans
20.9,58.3,21.9,16.4,21.3,5.5,138.0,kidneybeans
18.5,78.5,22.8,17.2,21.6,5.4,119.7,kidneybeans
25.8,76.5,19.2,19.8,20.2,5.5,65.9,kidneybeans
20.6,58.3,25.3,17.8,22.0,5.9,144.0,kidneybeans
36.9,54.2,19.1,18.4,22.6,5.7,79.7,kidneybeans
24.9,75.7,17.7,19.5,23.3,5.9,56.7,kidneybeans
18.7,69.0,13.0,16.1,24.1,5.4,87.5,kidneybeans
39.5,67.1,26.9,18.0,18.9,5.7,130.3,kidneybeans
33.2,69.5,13.9,21.6,21.2,5.9,77.1,kidneybeans
40.8,76.1,20.7,18.2,23.7,5.9,130.8,kidneybeans
18.5,63.9,26.4,17.6,23.7,5.7,122.7,kidneybeans
25.3,72.3,18.2,19.4,19.6,5.8,111.9,kidneybeans
28.6,69.6,23.2,16.1,21.6,5.8,90.2,kidneybeans
36.9,75.9,14.4,21.2,20.6,5.7,66.9,kidneybeans
32.7,72.9,22.0,22.5,18.6,5.8,104.4,kidneybeans
26.8,65.2,21.3,20.4,20.5,6.0,93.8,kidneybeans
28.7,58.9,16.9,18.5,21.9,5.8,142.1,kidneybeans
29.9,54.2,20.9,15.0,21.8,5.7,159.5,kidneybeans
21.7,65.6,15.8,22.2,20.9,5.9,67.4,kidneybeans
18.3,61.1,19.1,19.9,20.8,5.4,94.1,kidneybeans
38.5,79.8,24.0,17.2,23.5,5.8,137.4,kidneybeans
18.2,70.2,18.9,22.1,21.0,5.5,153.6,kidneybeans
13.7,72.3,17.7,20.0,25.6,5.8,75.9,kidneybeans
24.3,64.8,16.5,17.8,22.2,5.7,71.9,kidneybeans
33.5,64.9,15.4,19.1,18.7,5.7,138.5,kidneybeans
18.7,64.9,22.6,20.7,24.0,5.6,89.9,kidneybeans
37.4,73.5,18.4,22.5,22.2,5.6,137.4,kidneybeans
20.4,66.2,14.4,14.7,23.8,5.8,123.8,kidneybeans
9.9,71.7,18.9,23.8,21.7,6.0,139.6,kidneybeans
21.7,78.1,20.4,19.9,20.7,5.9,100.9,kidneybeans
27.0,74.5,15.1,17.6,21.1,5.6,90.0,kidneybeans
37.0,77.2,17.7,17.1,18.2,5.7,97.8,kidneybeans
30.3,68.7,23.4,18.4,24.9,5.6,144.4,kidneybeans
15.3,63.2,17.5,16.5,19.4,5.7,67.0,kidneybeans
30.1,77.1,17.6,19.6,25.9,5.8,107.9,kidneybeans
24.3,60.6,20.7,24.9,23.6,5.5,90.4,kidneybeans
30.7,67.8,21.2,21.9,20.8,5.3,150.0,kidneybeans
31.4,70.0,20.7,19.0,20.4,6.0,142.5,kidneybeans
34.9,75.4,19.1,21.7,17.5,5.4,82.3,kidneybeans
25.3,61.6,22.1,19.1,25.7,5.7,116.0,kidneybeans
15.4,68.3,24.8,15.2,20.7,5.5,110.2,kidneybeans
27.9,59.6,20.4,16.6,20.9,6.0,126.3,kidneybeans
25.9,74.6,18.8,21.0,22.7,5.3,117.8,kidneybeans
36.0,61.2,21.3,24.4,20.7,6.1,76.2,kidneybeans
25.0,68.6,20.3,20.3,20.6,5.4,75.9,kidneybeans
25.3,64.9,15.1,22.1,23.2,5.9,144.4,kidneybeans
28.4,68.4,15.2,19.1,17.1,5.8,71.6,kidneybeans
18.8,68.8,17.8,22.6,22.0,5.6,150.5,kidneybeans
33.5,56.0,23.3,18.2,18.0,5.9,150.3,kidneybeans
42.1,60.9,20.4,18.2,23.4,5.7,102.3,kidneybeans
30.9,61.3,24.8,17.1,22.4,5.7,93.0,kidneybeans
17.5,70.2,23.4,19.6,19.5,5.7,99.5,kidneybeans
16.7,57.1,20.8,20.0,21.8,5.5,62.7,kidneybeans
29.9,74.3,20.5,16.6,18.9,5.9,121.5,kidneybeans
25.1,58.9,22.0,23.1,19.2,6.1,136.5,kidneybeans
33.9,63.1,21.8,15.3,22.6,5.5,85.5,kidneybeans
20.3,58.6,27.4,15.7,19.8,6.0,90.5,kidneybeans
26.7,62.2,19.7,16.3,24.9,5.5,118.8,kidneybeans
39.6,70.1,16.9,16.5,18.6,5.5,71.5,kidneybeans
21.9,65.9,23.8,18.1,19.2,5.8,140.4,kidneybeans
41.9,77.5,24.6,16.0,20.8,5.6,78.3,kidneybeans
34.3,73.2,17.3,23.1,21.5,5.9,69.8,kidneybeans
15.8,77.0,16.6,20.2,24.2,5.9,115.4,kidneybeans
39.1,76.6,15.3,15.5,19.5,5.7,90.9,kidneybeans
25.6,58.5,15.2,16.4,21.6,6.1,123.6,kidneybeans
22.1,54.0,18.9,19.3,25.1,5.8,148.4,kidneybeans
27.8,64.0,21.0,17.3,24.7,5.9,133.8,kidneybeans
16.3,72.5,18.4,18.7,23.8,5.7,82.2,kidneybeans
33.1,66.6,20.9,18.3,22.3,5.7,104.6,kidneybeans
32.6,68.9,19.6,16.5,24.8,5.8,111.5,kidneybeans
24.6,55.7,27.0,16.8,23.3,5.9,54.5,kidneybeans
37.1,71.6,13.6,21.8,24.5,6.1,61.2,kidneybeans
38.1,66.5,19.4,16.8,18.0,5.4,54.4,kidneybeans
31.4,59.5,21.9,20.7,21.4,5.8,95.4,kidneybeans
35.5,68.1,18.1,22.0,25.4,5.5,105.9,kidneybeans
31.2,77.8,17.6,20.5,18.5,6.1,105.7,kidneybeans
17.4,74.6,25.3,19.8,19.1,5.6,128.5,kidneybeans
22.3,61.3,20.3,16.0,23.3,5.6,134.3,kidneybeans
18.4,73.4,18.3,19.1,22.5,5.7,144.4,kidneybeans
27.9,66.1,16.9,19.0,23.6,5.8,96.7,kidneybeans
35.7,65.7,16.8,23.1,20.7,5.6,108.3,kidneybeans
27.3,75.1,17.1,18.7,24.0,5.4,94.3,kidneybeans
31.4,59.4,24.6,17.7,25.5,5.6,60.7,kidneybeans
21.3,68.2,19.7,24.5,19.5,5.6,60.6,kidneybeans
25.5,57.1,19.7,19.8,23.7,5.8,99.6,kidneybeans
18.3,60.0,24.8,23.4,21.4,5.5,73.5,kidneybeans
36.7,56.8,17.1,16.0,24.6,5.5,136.0,kidneybeans
33.0,61.5,18.7,16.0,19.4,5.7,74.4,kidneybeans
29.5,74.9,17.3,17.0,19.0,5.9,117.7,kidneybeans
15.2,52.9,19.5,17.7,23.0,5.7,95.5,kidneybeans
31.8,58.1,20.7,16.8,22.5,5.7,130.2,kidneybeans
32.9,78.1,24.4,21.2,22.2,5.9,124.4,kidneybeans
17.6,63.3,20.0,21.1,20.0,5.5,148.7,kidneybeans
36.8,57.4,15.2,24.0,20.7,5.9,88.1,kidneybeans
19.1,78.7,22.9,17.4,21.2,5.9,94.3,kidneybeans
40.4,76.2,18.9,17.6,22.8,5.6,84.1,kidneybeans
22.3,67.1,22.5,20.6,23.6,6.0,67.5,kidneybeans
36.5,65.2,14.1,14.3,18.6,5.9,78.3,kidneybeans
20.8,64.6,19.8,20.7,19.7,5.6,125.3,kidneybeans
14.1,69.3,24.3,31.8,62.6,5.9,104.1,pigeonpeas
26.2,63.9,20.8,33.9,61.7,5.2,152.8,pigeonpeas
15.2,67.5,18.8,33.1,34.6,6.5,198.9,pigeonpeas
19.6,66.9,25.5,28.9,41.8,6.1,131.6,pigeonpeas
16.2,75.4,23.2,31.7,31.6,4.8,190.4,pigeonpeas
31.5,76.1,20.8,31.7,31.0,6.7,147.2,pigeonpeas
37.7,68.7,24.7,28.8,51.0,5.5,120.7,pigeonpeas
22.0,75.4,14.4,36.7,60.0,6.4,106.9,pigeonpeas
28.7,65.1,22.5,30.8,45.6,5.6,133.6,pigeonpeas
13.8,59.2,17.0,32.0,62.7,7.0,176.8,pigeonpeas
36.2,63.7,22.6,28.8,57.3,7.1,155.0,pigeonpeas
34.9,64.1,23.9,36.7,31.3,6.1,138.7,pigeonpeas
28.5,56.5,20.8,28.2,55.4,6.2,113.9,pigeonpeas
27.0,67.8,11.1,28.0,39.7,5.7,194.5,pigeonpeas
34.0,64.0,19.3,30.7,43.9,5.4,104.2,pigeonpeas
29.2,64.9,25.5,32.6,40.9,7.0,98.1,pigeonpeas
15.9,65.6,18.9,31.2,48.3,5.0,181.5,pigeonpeas
36.2,66.1,18.5,33.7,50.3,4.9,175.8,pigeonpeas
26.8,66.3,24.6,35.9,32.7,5.1,108.7,pigeonpeas
22.0,59.6,16.0,30.7,56.8,5.4,106.6,pigeonpeas
22.4,58.0,17.0,30.0,51.5,5.2,190.7,pigeonpeas
13.2,65.5,11.6,35.2,57.0,6.3,135.2,pigeonpeas
36.4,70.2,18.0,34.2,64.6,7.3,104.7,pigeonpeas
33.6,74.8,19.0,29.8,31.9,7.2,92.7,pigeonpeas
23.1,63.3,22.4,32.4,63.2,7.0,134.4,pigeonpeas
27.6,65.1,20.4,36.5,34.6,5.1,186.3,pigeonpeas
40.2,62.6,16.8,29.1,46.0,5.8,198.0,pigeonpeas
26.1,69.9,21.9,36.6,49.6,6.9,116.8,pigeonpeas
25.4,67.6,15.1,31.5,45.8,5.9,132.1,pigeonpeas
14.9,55.1,19.2,29.3,50.1,7.4,116.2,pigeonpeas
33.3,56.9,19.3,32.7,35.2,5.7,161.4,pigeonpeas
18.9,76.5,24.5,36.6,39.8,5.7,189.1,pigeonpeas
28.0,62.1,20.9,28.8,57.8,5.0,128.8,pigeonpeas
38.2,58.2,19.3,31.5,59.0,6.8,109.8,pigeonpeas
13.3,57.9,18.1,32.0,43.9,4.9,132.8,pigeonpeas
26.8,82.4,17.7,31.7,53.3,5.4,99.9,pigeonpeas
34.7,73.6,21.9,35.4,53.6,6.7,107.1,pigeonpeas
14.9,68.6,12.5,35.5,51.6,6.6,137.0,pigeonpeas
36.1,60.1,26.2,31.1,36.3,5.8,158.0,pigeonpeas
34.9,75.8,23.5,35.1,44.7,4.9,95.2,pigeonpeas
41.8,79.5,17.6,28.9,58.4,5.8,145.4,pigeonpeas
33.6,62.0,20.9,29.3,55.5,6.2,150.8,pigeonpeas
15.9,59.0,23.0,32.1,45.1,5.9,154.8,pigeonpeas
26.2,74.1,13.7,29.6,48.4,7.1,87.6,pigeonpeas
35.9,77.3,28.5,34.9,34.2,6.0,104.6,pigeonpeas
23.6,70.6,15.2,33.2,57.9,5.5,150.8,pigeonpeas
28.2,59.0,16.4,28.5,43.6,4.7,108.8,pigeonpeas
18.0,56.7,18.5,34.1,37.5,6.1,150.8,pigeonpeas
37.9,74.9,17.5,29.8,41.3,5.9,163.6,pigeonpeas
31.0,79.6,18.5,36.6,38.8,7.4,118.2,pigeonpeas
28.7,58.8,24.0,35.5,46.2,6.2,179.2,pigeonpeas
30.0,69.4,16.8,31.7,57.1,4.8,174.7,pigeonpeas
17.1,65.3,21.3,36.6,50.8,6.1,158.0,pigeonpeas
12.3,73.1,22.9,36.2,35.3,6.0,131.0,pigeonpeas
24.2,62.1,15.3,33.1,50.1,7.3,191.4,pigeonpeas
21.8,77.1,19.4,26.5,47.1,6.4,142.0,pigeonpeas
31.9,56.7,21.4,35.2,59.7,7.3,122.1,pigeonpeas
16.2,69.8,16.2,33.5,40.0,5.5,94.2,pigeonpeas
25.0,58.8,25.2,28.5,33.7,6.1,150.5,pigeonpeas
36.0,70.6,24.7,27.5,52.2,4.7,185.1,pigeonpeas
17.9,54.4,20.9,30.8,31.6,7.5,109.3,pigeonpeas
38.2,55.6,21.1,28.2,60.5,7.1,117.1,pigeonpeas
17.9,65.8,27.6,31.5,47.6,5.7,166.9,pigeonpeas
16.9,64.9,22.9,37.0,46.6,6.1,137.0,pigeonpeas
24.7,78.2,20.2,33.2,34.3,5.6,154.1,pigeonpeas
17.7,83.3,19.5,28.9,29.9,6.8,98.2,pigeonpeas
19.7,62.6,17.0,31.9,43.4,7.3,102.0,pigeonpeas
29.9,61.2,23.1,29.6,54.8,5.6,118.1,pigeonpeas
19.7,69.1,15.1,29.0,30.6,5.2,122.4,pigeonpeas
15.1,55.6,24.5,33.0,32.8,5.9,154.2,pigeonpeas
34.0,60.5,21.2,30.6,44.2,6.4,162.7,pigeonpeas
14.9,71.8,20.6,32.7,34.2,5.6,164.2,pigeonpeas
25.7,76.1,12.8,32.2,59.7,6.6,150.5,pigeonpeas
36.5,67.4,21.1,35.5,57.8,5.4,92.8,pigeonpeas
30.0,73.8,21.3,33.4,52.1,4.8,120.9,pigeonpeas
32.5,72.5,15.5,29.0,64.0,5.1,164.8,pigeonpeas
42.1,64.7,18.6,32.0,49.1,6.6,102.5,pigeonpeas
41.0,77.8,19.7,28.6,53.8,7.4,139.4,pigeonpeas
15.2,69.8,19.5,28.6,37.2,7.3,107.6,pigeonpeas
17.0,68.9,23.0,28.1,38.5,5.3,136.4,pigeonpeas
25.2,68.8,16.8,34.5,62.0,6.7,135.6,pigeonpeas
41.5,71.5,20.7,27.5,41.2,5.7,163.2,pigeonpeas
26.6,67.7,16.9,34.9,54.8,6.6,100.7,pigeonpeas
28.6,65.7,19.2,36.3,49.0,7.3,167.5,pigeonpeas
38.4,68.3,17.5,30.5,40.4,6.3,188.8,pigeonpeas
35.7,65.1,21.1,27.5,56.2,6.0,135.9,pigeonpeas
16.5,81.2,21.3,28.5,34.1,6.1,151.6,pigeonpeas
20.7,72.0,15.2,34.2,49.1,4.9,168.2,pigeonpeas
17.4,66.4,15.8,36.3,61.7,4.6,137.8,pigeonpeas
33.2,60.4,21.7,31.5,42.2,5.5,147.1,pigeonpeas
22.1,77.8,17.9,30.3,46.3,4.6,190.6,pigeonpeas
20.4,54.5,15.4,34.0,31.4,5.0,144.9,pigeonpeas
17.5,66.3,18.4,36.4,63.8,4.6,105.3,pigeonpeas
36.1,63.4,20.0,30.9,46.4,4.8,156.9,pigeonpeas
33.7,55.3,20.0,30.3,45.6,5.0,97.6,pigeonpeas
41.4,57.3,12.3,35.4,50.0,6.6,88.9,pigeonpeas
20.7,73.5,15.0,31.2,40.0,6.0,175.9,pigeonpeas
30.5,69.3,23.7,32.4,57.2,4.6,150.6,pigeonpeas
39.1,51.5,16.6,27.7,35.7,6.5,112.9,pigeonpeas
35.7,75.1,21.9,32.4,33.4,5.8,147.8,pigeonpeas
25.6,39.6,19.5,29.3,63.4,3.8,80.4,mothbeans
36.5,37.2,18.9,28.7,61.9,9.5,72.9,mothbeans
29.5,54.5,18.3,25.2,51.6,6.5,67.9,mothbeans
22.7,40.4,17.0,26.1,42.5,8.1,72.9,mothbeans
31.8,40.1,26.1,25.4,56.8,7.7,50.5,mothbeans
38.0,52.2,18.1,30.7,58.6,5.7,38.5,mothbeans
34.3,55.4,17.6,25.7,58.7,6.1,44.6,mothbeans
25.6,50.8,17.6,26.7,52.3,8.4,43.8,mothbeans
26.6,49.5,17.4,24.6,57.5,8.3,42.8,mothbeans
36.6,47.8,18.2,29.9,52.8,8.3,51.6,mothbeans
37.4,45.5,21.0,28.0,46.4,7.8,46.4,mothbeans
28.8,62.2,13.6,27.2,47.7,4.4,53.6,mothbeans
38.3,42.4,21.5,26.6,49.8,6.5,44.5,mothbeans
31.8,46.9,22.0,28.4,45.8,5.0,69.1,mothbeans
29.8,44.2,17.3,25.9,57.5,3.8,41.9,mothbeans
24.2,50.5,14.8,26.3,58.7,3.5,57.8,mothbeans
26.8,51.3,23.1,28.8,49.2,6.8,46.2,mothbeans
29.3,41.1,23.8,29.3,56.2,3.5,55.5,mothbeans
22.0,55.3,21.7,31.8,46.3,8.7,36.7,mothbeans
14.2,58.0,18.8,27.0,61.1,6.6,24.1,mothbeans
25.2,52.7,20.4,29.6,42.4,8.9,56.7,mothbeans
35.8,56.5,15.1,24.1,48.0,5.9,48.2,mothbeans
12.6,45.6,24.9,28.2,42.3,6.4,32.2,mothbeans
37.8,59.9,20.7,31.1,51.2,9.3,59.9,mothbeans
32.9,47.1,26.1,24.6,52.7,3.9,61.5,mothbeans
23.4,40.7,16.7,30.3,50.8,6.8,73.3,mothbeans
26.4,51.1,18.5,25.6,54.9,4.3,57.6,mothbeans
28.6,61.3,12.5,29.3,58.3,7.4,72.3,mothbeans
27.7,49.9,19.7,26.2,50.1,3.8,72.5,mothbeans
19.6,47.6,13.6,24.7,64.3,5.5,54.8,mothbeans
16.0,32.4,18.2,25.4,55.1,7.9,58.7,mothbeans
20.0,53.7,16.2,29.4,48.1,9.5,68.6,mothbeans
39.1,44.8,17.1,24.5,61.3,7.8,60.1,mothbeans
38.1,52.5,20.5,26.1,42.9,6.4,45.3,mothbeans
23.4,57.4,18.1,26.4,46.0,8.1,44.0,mothbeans
37.8,44.0,18.8,28.3,59.1,8.0,32.0,mothbeans
29.3,46.0,16.2,31.5,55.7,7.8,55.0,mothbeans
24.5,45.2,17.7,27.0,55.0,8.5,72.3,mothbeans
31.3,50.6,24.0,26.7,48.3,5.2,69.8,mothbeans
18.3,43.4,22.3,31.0,50.3,9.2,68.2,mothbeans
36.2,57.7,25.8,28.0,52.1,8.3,67.9,mothbeans
22.8,53.6,21.2,27.2,63.4,9.5,61.5,mothbeans
12.5,58.0,20.1,26.4,39.2,8.7,77.3,mothbeans
28.3,52.4,16.6,27.3,40.5,8.1,45.6,mothbeans
17.1,48.6,19.4,30.8,50.4,6.7,63.8,mothbeans
20.4,41.3,14.9,24.0,57.3,6.9,59.6,mothbeans
20.0,38.8,16.6,28.6,46.6,7.4,69.4,mothbeans
34.3,57.2,19.3,26.9,52.6,4.0,46.1,mothbeans
33.5,55.8,21.7,28.1,47.0,6.1,65.6,mothbeans
23.5,42.2,21.3,24.9,63.7,6.2,56.6,mothbeans
25.8,46.3,17.0,25.2,45.9,5.7,37.4,mothbeans
31.8,49.2,17.5,26.9,45.9,7.2,35.1,mothbeans
40.8,42.0,15.6,29.7,53.7,7.9,37.5,mothbeans
17.1,37.5,22.5,24.6,51.9,8.5,66.2,mothbeans
31.6,56.5,14.9,27.1,62.4,8.0,61.4,mothbeans
19.8,39.1,15.6,26.7,49.0,8.3,32.0,mothbeans
29.1,36.5,19.9,31.3,40.7,7.8,47.4,mothbeans
32.2,46.5,14.9,28.7,62.8,9.0,64.0,mothbeans
32.5,37.9,19.5,25.0,54.1,5.6,72.0,mothbeans
34.3,42.2,22.3,31.7,43.5,5.5,73.1,mothbeans
24.2,54.0,24.0,29.7,54.3,4.9,45.0,mothbeans
30.3,48.1,20.5,28.8,55.2,7.4,41.5,mothbeans
21.4,54.3,15.4,26.9,52.6,9.5,45.4,mothbeans
39.2,37.9,24.4,23.1,48.8,7.7,73.7,mothbeans
16.0,37.5,22.5,30.8,52.7,4.1,39.7,mothbeans
34.2,53.4,19.9,29.0,57.4,5.8,41.8,mothbeans
19.8,47.4,20.2,27.6,54.5,7.2,44.1,mothbeans
25.4,34.6,25.5,28.0,47.6,7.0,57.4,mothbeans
23.8,55.5,17.0,26.0,43.3,3.5,50.8,mothbeans
28.1,54.4,18.3,28.2,44.3,9.5,50.3,mothbeans
24.3,47.1,14.4,28.9,50.1,8.5,59.5,mothbeans
24.5,41.7,18.7,26.6,43.8,6.7,78.7,mothbeans
24.6,51.0,16.8,26.5,43.1,8.2,85.0,mothbeans
30.0,48.0,23.7,32.5,62.0,6.0,59.5,mothbeans
33.0,45.1,26.7,26.9,50.7,5.0,82.0,mothbeans
25.4,40.6,17.1,27.8,52.4,4.8,53.5,mothbeans
40.2,45.5,25.2,25.5,45.8,9.0,30.5,mothbeans
19.3,41.4,17.8,27.0,56.7,8.2,34.7,mothbeans
39.7,38.1,22.6,28.7,65.7,6.5,72.0,mothbeans
30.5,56.5,24.8,24.4,48.2,7.1,54.1,mothbeans
37.2,58.7,18.5,25.8,64.9,5.9,30.8,mothbeans
30.4,45.5,24.2,27.9,52.1,4.8,58.2,mothbeans
23.3,41.7,18.4,24.7,53.3,7.6,66.3,mothbeans
21.8,36.6,18.0,30.0,47.6,5.3,33.8,mothbeans
25.6,37.6,24.9,31.3,50.2,6.9,57.3,mothbeans
37.7,56.4,19.0,31.6,43.5,5.1,48.4,mothbeans
24.3,42.3,23.5,29.2,45.5,6.4,35.1,mothbeans
33.0,51.7,25.2,27.4,63.2,5.7,52.1,mothbeans
36.8,58.2,17.8,25.4,42.5,4.6,69.5,mothbeans
39.7,44.2,18.3,28.5,55.1,8.7,43.1,mothbeans
38.3,41.0,19.8,27.5,63.0,3.7,25.9,mothbeans
9.5,53.2,14.5,24.6,52.9,4.7,60.3,mothbeans
33.7,34.8,21.4,27.3,65.3,6.2,69.1,mothbeans
38.0,46.6,17.7,29.1,46.4,8.1,37.4,mothbeans
20.0,31.5,22.8,27.1,50.2,4.8,65.2,mothbeans
34.0,54.2,13.0,30.6,63.8,9.5,50.7,mothbeans
28.0,40.9,23.5,25.2,43.6,8.6,70.6,mothbeans
11.5,44.7,17.5,28.2,45.3,6.9,80.1,mothbeans
22.7,50.1,18.2,27.6,42.8,4.9,52.3,mothbeans
28.5,44.3,22.0,25.1,42.3,9.5,71.0,mothbeans
29.5,52.6,12.8,28.2,81.4,6.3,38.5,mungbean
37.8,40.7,25.9,28.3,85.9,7.1,46.0,mungbean
26.8,54.2,19.2,27.9,80.5,6.5,49.3,mungbean
26.9,37.6,20.0,28.1,82.7,6.8,41.1,mungbean
25.0,43.5,14.0,27.4,87.2,6.7,44.6,mungbean
23.3,58.4,26.0,29.0,79.4,6.5,50.4,mungbean
27.7,51.7,13.6,28.1,89.3,6.2,36.9,mungbean
18.3,46.6,21.6,28.4,80.7,6.5,41.4,mungbean
39.7,53.1,18.9,26.7,83.8,6.9,42.0,mungbean
22.1,46.2,15.9,28.6,78.2,6.5,52.8,mungbean
20.4,52.9,20.6,28.9,82.7,7.0,51.2,mungbean
21.6,51.7,19.0,26.0,84.9,6.3,43.8,mungbean
24.0,41.8,18.6,28.8,86.5,7.2,52.7,mungbean
17.1,38.1,26.1,30.0,81.1,6.4,56.6,mungbean
34.4,38.8,18.5,28.2,83.2,6.4,62.2,mungbean
31.6,60.7,17.1,28.2,84.3,6.6,51.4,mungbean
32.5,55.6,15.9,26.3,82.2,6.5,51.6,mungbean
31.4,44.7,21.2,29.0,87.1,7.1,56.1,mungbean
22.9,49.8,21.2,28.6,86.8,6.8,54.6,mungbean
31.9,46.9,21.3,29.3,84.4,7.2,38.8,mungbean
33.3,47.5,12.0,27.8,89.2,7.0,49.6,mungbean
26.3,42.5,13.2,27.9,84.7,6.4,63.2,mungbean
17.8,55.7,18.9,26.8,89.1,6.4,57.6,mungbean
17.1,33.5,19.8,30.3,79.7,6.3,69.4,mungbean
14.7,55.7,22.3,28.4,84.2,6.2,42.2,mungbean
30.0,54.3,19.5,28.0,82.6,6.6,49.2,mungbean
21.7,52.3,22.6,28.0,84.4,7.1,54.4,mungbean
17.5,36.5,15.5,27.7,87.3,6.3,45.5,mungbean
15.4,45.8,19.3,29.7,88.8,6.5,39.3,mungbean
29.2,49.4,24.0,29.8,83.5,6.7,40.3,mungbean
20.0,53.3,15.7,28.4,89.5,6.1,56.1,mungbean
27.9,51.4,16.2,29.7,84.0,6.5,48.5,mungbean
25.9,34.2,19.7,28.8,86.8,7.3,61.0,mungbean
24.9,57.9,18.1,27.2,85.9,6.8,50.3,mungbean
35.9,39.7,16.4,29.0,89.6,6.7,41.9,mungbean
23.5,51.1,18.4,27.7,79.6,6.8,39.2,mungbean
16.0,54.3,16.1,29.0,80.7,7.2,53.1,mungbean
23.9,37.7,24.4,27.5,83.9,6.9,51.3,mungbean
38.2,40.5,14.9,27.5,89.2,6.9,50.6,mungbean
17.7,45.4,15.3,28.6,81.3,6.6,47.7,mungbean
27.3,43.2,23.8,29.6,82.0,6.4,34.2,mungbean
39.0,51.5,18.6,28.3,82.3,6.4,36.0,mungbean
16.2,43.4,17.9,29.4,86.7,6.1,61.0,mungbean
35.6,40.0,14.9,30.3,85.7,7.1,39.4,mungbean
28.4,40.0,19.0,27.0,87.0,6.3,57.8,mungbean
41.0,55.5,17.8,26.8,83.4,7.4,53.9,mungbean
20.2,41.4,23.9,26.8,86.3,6.1,42.0,mungbean
43.5,56.0,23.2,29.6,90.2,6.5,42.2,mungbean
37.9,47.9,21.2,27.1,85.0,6.3,49.2,mungbean
30.9,35.5,23.9,26.8,87.6,6.2,53.6,mungbean
36.6,52.6,25.6,28.9,80.8,6.4,50.6,mungbean
30.3,59.3,17.8,28.0,90.3,6.7,47.3,mungbean
22.2,54.5,20.9,30.0,88.6,7.1,67.2,mungbean
29.8,36.4,24.8,27.9,82.8,6.3,46.2,mungbean
31.1,53.7,18.0,29.4,86.8,6.7,50.5,mungbean
21.0,53.6,25.2,27.2,81.1,6.9,43.8,mungbean
15.9,43.7,23.1,30.1,81.9,7.0,38.7,mungbean
23.7,36.9,27.0,29.4,81.7,7.3,60.7,mungbean
36.0,44.5,17.9,27.7,83.6,6.5,37.1,mungbean
24.2,41.8,14.7,27.8,81.1,6.3,42.6,mungbean
30.0,42.1,12.4,28.6,88.9,6.7,55.0,mungbean
35.7,53.0,19.6,28.8,83.7,6.5,42.7,mungbean
20.5,55.6,25.2,29.5,82.7,6.5,57.0,mungbean
28.8,36.8,26.3,27.7,84.8,7.3,62.3,mungbean
23.9,57.0,24.1,30.6,86.1,6.8,37.2,mungbean
18.7,51.9,21.0,29.8,87.9,6.2,39.6,mungbean
31.2,41.8,22.2,29.9,84.8,6.6,48.6,mungbean
36.9,37.4,15.8,29.3,85.7,6.7,59.5,mungbean
17.7,56.2,21.1,28.2,85.7,7.2,42.6,mungbean
36.0,52.2,26.7,27.1,87.3,6.9,31.9,mungbean
16.7,35.4,22.8,27.2,80.6,6.8,38.7,mungbean
35.2,40.3,21.3,28.8,79.8,7.2,54.4,mungbean
42.7,43.9,14.4,29.8,82.7,6.9,52.3,mungbean
20.2,60.1,15.1,28.7,84.6,6.4,50.0,mungbean
25.0,51.5,19.9,28.1,81.8,6.9,27.7,mungbean
32.4,56.6,17.3,28.8,88.6,6.2,56.3,mungbean
23.3,45.3,23.4,28.6,85.6,6.6,43.9,mungbean
23.6,41.9,18.3,30.3,87.1,7.0,40.4,mungbean
35.2,43.2,21.5,26.9,83.3,6.5,63.0,mungbean
36.2,39.0,22.5,29.2,84.9,6.7,44.0,mungbean
12.5,38.3,18.7,29.1,86.1,6.8,61.8,mungbean
22.1,38.8,26.1,29.8,83.1,6.8,53.4,mungbean
33.2,49.6,23.0,28.4,81.0,6.7,42.9,mungbean
25.6,56.8,16.8,27.2,81.4,6.6,64.9,mungbean
18.1,35.9,26.1,26.7,80.3,6.5,54.6,mungbean
32.2,48.7,14.2,29.0,89.5,7.3,41.3,mungbean
29.5,37.5,23.6,28.0,84.5,6.9,46.1,mungbean
31.2,40.5,19.3,26.8,81.5,7.0,57.8,mungbean
28.0,49.8,21.4,27.3,83.3,6.5,50.7,mungbean
27.9,57.8,24.1,29.6,83.8,6.6,56.7,mungbean
38.4,43.9,22.2,29.1,85.6,6.4,37.1,mungbean
37.9,52.3,17.3,30.2,88.9,6.9,62.2,mungbean
26.7,46.9,19.0,27.0,83.6,7.2,51.4,mungbean
34.1,50.3,22.6,27.4,80.0,6.3,50.7,mungbean
41.9,55.1,18.6,27.7,88.7,6.5,40.5,mungbean
17.6,37.7,19.4,26.9,84.6,7.0,47.9,mungbean
27.1,55.1,14.7,26.9,87.5,7.3,43.5,mungbean
25.0,53.7,19.9,28.5,83.5,6.4,48.0,mungbean
41.5,46.4,21.4,28.3,81.0,6.7,48.3,mungbean
23.3,44.4,20.3,28.1,90.5,6.9,53.8,mungbean
52.7,68.0,24.0,26.7,65.5,7.0,68.8,blackgram
48.3,56.4,12.9,33.5,67.0,7.9,80.5,blackgram
52.8,81.5,13.4,31.9,65.7,7.3,65.6,blackgram
38.8,70.2,19.4,34.0,62.4,6.4,69.0,blackgram
49.0,68.6,17.9,29.0,67.5,7.1,77.5,blackgram
47.7,55.4,21.0,30.2,63.8,6.8,66.8,blackgram
35.3,66.9,19.0,32.8,68.7,7.8,64.5,blackgram
37.7,63.6,16.3,32.4,62.7,7.6,59.1,blackgram
44.8,68.2,21.6,27.9,68.9,7.2,71.6,blackgram
48.1,56.0,15.8,31.5,60.6,7.3,57.3,blackgram
27.0,80.4,25.4,30.2,63.7,7.3,60.6,blackgram
29.7,74.4,21.7,28.3,63.8,7.0,67.4,blackgram
40.3,76.0,21.5,26.5,61.2,7.3,79.1,blackgram
40.3,60.0,28.0,28.9,63.7,7.9,65.3,blackgram
36.2,71.2,18.8,30.3,60.3,6.7,76.3,blackgram
38.6,71.9,22.8,27.0,64.1,7.5,70.6,blackgram
43.3,64.9,15.4,27.6,70.6,7.1,76.9,blackgram
41.2,54.7,21.1,35.5,64.9,7.1,73.0,blackgram
35.1,70.1,23.4,33.6,61.5,7.0,73.9,blackgram
37.4,76.9,16.8,31.9,59.1,6.6,76.2,blackgram
35.3,58.4,19.2,33.9,67.1,7.0,54.0,blackgram
39.9,75.4,17.9,29.3,66.9,6.4,71.6,blackgram
39.9,65.0,19.5,27.9,61.5,7.0,64.0,blackgram
37.1,73.6,16.8,27.2,66.8,6.7,76.4,blackgram
58.6,74.4,29.2,32.2,68.5,7.1,68.4,blackgram
52.9,70.4,23.0,31.6,68.4,6.6,69.4,blackgram
58.7,61.0,13.1,32.5,61.9,6.9,73.8,blackgram
55.6,71.9,17.6,34.4,68.0,7.0,83.5,blackgram
41.5,74.2,19.5,31.4,63.4,7.6,69.3,blackgram
36.7,58.8,17.5,34.3,61.6,6.4,65.3,blackgram
58.4,78.1,21.1,30.5,65.0,7.6,61.8,blackgram
34.9,63.3,23.1,28.2,61.9,7.7,75.6,blackgram
42.7,79.1,22.5,28.9,66.3,6.6,63.0,blackgram
56.1,54.5,19.1,30.1,61.9,7.1,70.7,blackgram
37.3,71.1,22.4,28.5,63.7,6.9,64.6,blackgram
60.2,66.5,16.8,31.2,63.6,6.5,68.9,blackgram
33.6,71.6,18.1,32.3,61.6,6.7,51.3,blackgram
48.7,73.3,19.7,27.3,69.3,7.6,67.8,blackgram
51.2,65.0,27.0,26.2,65.2,7.2,62.4,blackgram
35.8,78.2,19.7,33.0,66.6,7.5,79.2,blackgram
52.8,74.8,22.9,33.1,61.1,7.0,55.9,blackgram
56.9,80.6,14.4,25.1,64.5,7.3,60.8,blackgram
56.1,78.6,21.2,33.7,61.6,7.5,71.9,blackgram
34.7,69.3,17.0,25.6,66.9,7.7,79.4,blackgram
39.4,61.1,22.7,32.3,69.2,7.3,66.5,blackgram
46.7,79.5,21.5,29.6,59.5,7.4,62.2,blackgram
50.1,54.5,12.0,28.0,61.0,6.7,69.4,blackgram
51.3,69.2,13.4,33.6,69.6,7.7,65.3,blackgram
32.9,60.2,20.3,26.7,64.4,7.0,56.9,blackgram
33.8,60.0,19.7,30.9,69.0,7.4,76.8,blackgram
58.1,61.6,22.6,25.9,62.2,6.9,60.5,blackgram
56.6,66.1,19.4,26.4,60.9,6.9,65.8,blackgram
54.0,62.6,21.3,32.6,65.2,7.7,70.5,blackgram
54.8,59.0,23.7,26.7,65.1,7.6,63.0,blackgram
49.1,66.9,22.4,30.1,67.2,7.6,71.0,blackgram
38.3,79.6,15.2,28.7,62.5,7.4,71.8,blackgram
52.3,68.8,25.3,32.2,67.5,7.7,70.9,blackgram
38.5,58.5,24.8,26.7,67.7,7.2,63.9,blackgram
34.0,66.3,17.7,27.6,61.7,6.8,64.5,blackgram
50.9,63.9,25.4,32.3,60.1,6.5,76.9,blackgram
59.8,73.4,21.5,30.2,65.8,7.8,81.5,blackgram
36.7,64.3,19.7,26.2,70.7,7.4,63.2,blackgram
30.0,64.1,18.2,28.8,60.0,6.6,69.6,blackgram
41.2,65.6,23.2,29.9,67.4,6.5,69.4,blackgram
43.9,76.2,19.0,32.1,67.2,7.3,60.4,blackgram
45.1,74.1,20.2,28.0,67.9,6.4,68.5,blackgram
49.0,79.6,20.4,30.4,60.5,6.6,70.4,blackgram
44.4,63.6,16.1,31.1,68.2,7.5,78.4,blackgram
32.8,78.8,23.1,30.7,66.3,7.3,75.3,blackgram
32.0,73.6,18.4,30.6,65.1,7.6,70.7,blackgram
41.3,72.8,21.7,25.0,64.4,7.1,63.7,blackgram
50.0,58.5,20.6,28.8,63.0,7.2,77.6,blackgram
42.8,58.1,19.1,34.9,60.1,7.6,74.0,blackgram
57.1,76.8,16.8,27.6,61.5,7.2,63.5,blackgram
43.2,75.5,16.8,33.0,63.0,6.6,69.5,blackgram
44.7,76.7,12.6,31.2,63.3,6.7,57.7,blackgram
57.8,81.2,18.2,31.3,65.2,7.0,78.7,blackgram
56.0,71.9,18.9,31.1,61.1,7.2,67.9,blackgram
59.4,80.0,19.3,28.9,68.6,7.1,69.4,blackgram
50.3,58.5,25.3,29.3,61.9,7.7,64.5,blackgram
33.6,79.5,23.4,32.6,59.6,6.8,51.0,blackgram
36.6,57.9,19.4,27.3,65.0,7.3,70.0,blackgram
48.1,63.1,16.9,25.9,66.9,6.5,66.4,blackgram
37.4,66.5,23.9,32.5,71.3,7.3,79.0,blackgram
37.6,66.0,19.6,31.2,61.0,7.1,59.3,blackgram
30.1,69.4,20.5,25.1,65.4,7.3,65.7,blackgram
33.6,60.2,18.0,31.4,66.4,6.8,69.8,blackgram
49.1,73.8,21.5,33.2,67.9,7.1,65.4,blackgram
47.3,58.1,20.4,30.4,64.0,7.6,59.1,blackgram
51.6,80.0,22.1,28.5,60.2,7.6,58.1,blackgram
33.4,60.6,27.6,33.4,68.3,6.6,66.3,blackgram
49.0,59.8,25.1,34.1,61.4,7.0,75.1,blackgram
48.3,61.0,21.5,33.1,65.2,7.9,59.3,blackgram
35.5,72.0,18.3,27.0,61.9,7.5,70.8,blackgram
41.3,73.4,21.5,32.4,63.4,6.5,60.9,blackgram
54.9,75.3,20.6,29.0,67.7,7.4,61.7,blackgram
48.0,78.8,20.1,33.5,69.3,6.7,67.8,blackgram
57.2,59.1,21.1,26.8,64.5,6.7,65.9,blackgram
47.4,79.3,23.6,28.7,63.3,6.6,56.1,blackgram
47.3,79.7,23.2,29.7,67.3,6.7,61.7,blackgram
19.6,75.0,18.1,22.1,60.3,6.8,61.0,lentil
39.9,65.2,19.4,19.8,61.9,6.1,45.0,lentil
32.6,71.7,15.3,22.5,63.4,6.9,53.5,lentil
25.4,69.3,14.9,27.5,63.9,6.3,50.5,lentil
22.7,78.7,16.9,24.6,62.1,6.1,50.0,lentil
17.3,62.9,16.9,21.9,64.2,6.2,44.2,lentil
26.0,59.6,21.3,23.0,66.7,6.2,48.1,lentil
25.0,63.4,20.2,23.9,62.9,6.7,57.5,lentil
28.3,69.5,21.8,27.3,64.5,6.0,43.0,lentil
34.4,69.0,24.9,22.5,67.8,7.0,60.7,lentil
34.9,81.1,20.1,25.4,61.7,6.1,43.0,lentil
25.3,70.6,23.7,23.5,64.7,6.7,44.8,lentil
17.2,69.9,13.5,22.2,65.6,6.0,45.6,lentil
24.4,64.9,26.5,17.8,65.8,6.6,45.5,lentil
34.7,56.2,15.1,24.4,60.7,7.0,53.8,lentil
15.2,76.1,16.2,22.7,69.0,6.3,41.3,lentil
35.5,69.3,19.3,28.6,70.1,6.1,33.1,lentil
20.3,60.5,12.3,18.7,66.4,6.6,54.0,lentil
38.3,73.5,17.5,24.2,68.7,6.6,44.8,lentil
20.9,59.7,21.4,25.7,66.9,6.3,47.3,lentil
41.1,72.2,23.3,20.1,63.8,6.0,35.6,lentil
23.1,58.9,18.8,20.0,67.1,6.6,61.0,lentil
38.2,66.9,19.9,23.5,63.9,6.1,43.4,lentil
15.8,62.8,18.1,26.2,62.9,6.5,29.5,lentil
18.0,70.4,20.6,19.0,58.8,5.9,39.2,lentil
27.6,68.0,14.2,22.9,65.6,6.3,46.0,lentil
22.3,67.1,16.2,18.5,61.1,6.7,36.6,lentil
28.8,64.6,17.1,19.5,68.7,6.5,55.4,lentil
19.6,61.0,13.0,25.8,67.4,6.8,50.0,lentil
22.7,64.1,18.4,19.2,60.0,6.7,53.2,lentil
24.0,64.7,18.4,21.2,61.7,6.3,38.7,lentil
21.6,72.9,27.9,18.2,63.5,6.2,45.1,lentil
27.1,79.8,23.1,20.5,64.0,6.1,46.3,lentil
13.0,61.4,18.5,24.3,66.9,6.6,64.3,lentil
34.4,66.7,16.9,20.4,63.0,6.5,52.8,lentil
22.4,71.5,16.7,22.0,66.7,6.4,43.4,lentil
26.9,55.2,19.4,24.2,65.1,6.3,56.1,lentil
30.3,53.4,17.1,21.5,65.2,6.1,46.5,lentil
34.8,73.6,24.2,27.3,61.3,6.3,48.4,lentil
16.5,68.4,22.5,18.8,63.5,5.8,51.5,lentil
24.2,74.4,15.2,29.5,69.4,6.6,49.5,lentil
36.6,60.1,23.7,20.3,70.1,6.3,45.7,lentil
25.1,74.3,16.8,25.4,68.9,6.5,51.4,lentil
33.4,54.5,20.3,26.4,70.9,6.0,45.9,lentil
20.6,51.6,14.5,29.3,67.1,7.0,40.1,lentil
27.5,75.4,18.0,26.9,60.8,6.2,51.8,lentil
19.3,76.4,18.0,30.6,65.9,7.2,37.1,lentil
17.9,58.6,25.9,28.2,59.1,6.7,33.6,lentil
25.1,72.3,22.7,27.5,60.3,6.7,52.2,lentil
17.9,66.4,17.5,27.0,67.2,5.9,42.3,lentil
25.8,68.2,18.5,28.2,64.0,6.9,43.8,lentil
31.8,58.2,21.9,21.2,63.5,6.9,48.4,lentil
28.6,64.5,14.5,25.7,63.8,6.7,41.4,lentil
31.4,57.1,15.2,24.2,65.5,6.4,22.8,lentil
39.8,78.7,26.8,25.8,67.3,6.5,55.4,lentil
32.6,66.9,21.2,19.0,71.1,6.2,34.1,lentil
35.6,69.3,19.4,21.9,68.8,5.9,26.5,lentil
39.1,67.1,23.2,28.9,61.9,6.5,43.1,lentil
34.9,55.0,22.5,19.2,70.5,6.5,45.2,lentil
19.2,78.6,19.2,27.3,61.9,6.4,41.9,lentil
25.0,61.9,23.4,20.8,63.6,6.8,47.7,lentil
37.5,62.3,20.3,19.7,63.0,5.9,35.5,lentil
16.2,77.1,16.2,23.8,59.7,6.5,51.6,lentil
32.7,74.7,24.8,23.6,67.3,6.9,35.0,lentil
33.1,71.6,18.9,26.5,69.6,6.8,60.0,lentil
17.9,63.0,14.2,27.8,61.3,6.4,36.6,lentil
22.5,57.8,15.1,19.3,67.3,6.8,41.3,lentil
28.6,61.5,13.9,27.3,59.0,6.1,37.1,lentil
22.3,67.3,16.0,28.1,68.3,6.2,54.8,lentil
22.3,70.6,17.6,24.8,68.3,6.6,34.8,lentil
21.8,56.5,19.2,28.5,63.0,6.7,45.2,lentil
34.2,70.6,21.3,29.3,61.0,6.5,54.9,lentil
35.7,66.5,17.1,19.7,58.6,7.0,36.7,lentil
20.0,71.2,26.6,19.6,61.8,6.3,40.6,lentil
39.0,65.5,18.9,24.5,67.9,6.5,51.1,lentil
20.3,69.5,23.1,20.8,60.7,5.9,44.1,lentil
38.2,67.2,18.6,19.1,68.0,6.9,42.9,lentil
44.7,75.4,23.4,21.3,62.4,6.3,35.0,lentil
31.1,73.6,24.8,26.5,63.5,5.8,37.4,lentil
14.8,58.6,16.5,29.7,64.8,6.1,57.5,lentil
25.2,67.9,24.6,20.2,65.0,6.8,44.0,lentil
21.5,60.5,23.5,29.4,64.0,6.8,43.1,lentil
26.5,82.8,22.5,27.1,63.9,6.2,49.9,lentil
16.6,73.3,21.2,20.8,59.3,7.0,41.6,lentil
33.9,71.0,22.5,21.0,58.8,6.2,43.6,lentil
14.2,68.3,23.8,25.0,63.3,6.6,36.0,lentil
30.5,61.2,24.6,18.3,61.3,5.9,35.2,lentil
36.2,61.7,14.0,25.9,66.6,5.9,40.1,lentil
38.5,61.9,17.3,19.7,65.7,6.6,45.7,lentil
36.1,74.1,27.9,29.0,62.1,5.9,41.5,lentil
32.5,68.5,22.8,19.5,59.1,6.9,54.0,lentil
15.8,78.2,15.2,18.3,71.5,6.0,57.4,lentil
34.9,79.7,16.3,27.5,65.3,6.2,54.0,lentil
21.7,57.0,16.0,21.0,65.6,7.0,53.5,lentil
25.3,76.9,24.4,17.8,62.9,6.0,41.0,lentil
32.2,56.9,18.9,19.5,61.8,6.3,38.2,lentil
33.1,57.0,23.9,24.9,69.7,6.4,37.0,lentil
36.9,65.5,15.9,19.1,63.3,5.9,40.4,lentil
18.0,63.1,25.0,28.8,61.0,6.7,56.3,lentil
33.3,75.6,23.3,27.5,61.4,6.8,41.5,lentil
36.5,23.7,38.8,22.8,93.6,6.8,112.5,pomegranate
26.8,22.0,39.8,23.0,92.0,7.3,103.4,pomegranate
26.0,12.8,43.1,20.7,90.3,6.1,99.4,pomegranate
27.1,34.1,44.1,24.2,93.4,6.0,98.9,pomegranate
32.0,12.4,42.3,23.8,91.2,7.2,99.5,pomegranate
30.1,27.7,39.2,18.3,93.3,5.9,107.1,pomegranate
20.8,17.1,38.7,20.8,92.0,6.3,113.6,pomegranate
30.4,27.9,37.8,20.7,88.4,7.3,109.7,pomegranate
36.9,14.0,41.2,20.9,91.8,5.8,110.0,pomegranate
22.4,14.1,38.6,21.1,88.8,6.3,106.8,pomegranate
33.1,19.5,44.1,18.5,92.2,6.8,106.7,pomegranate
26.0,13.8,44.9,19.8,87.3,6.3,102.1,pomegranate
35.2,9.3,40.8,25.3,94.0,5.9,111.2,pomegranate
31.8,18.7,46.5,22.9,95.7,6.1,103.1,pomegranate
34.8,24.9,35.5,20.0,90.9,6.7,104.3,pomegranate
23.6,25.0,47.1,23.9,88.9,7.1,108.6,pomegranate
16.1,25.4,40.7,23.3,86.5,6.5,95.9,pomegranate
29.1,22.9,38.8,18.5,85.8,5.8,117.6,pomegranate
28.5,12.8,40.6,19.1,92.0,6.1,95.3,pomegranate
30.1,29.9,40.2,25.9,90.1,5.9,97.6,pomegranate
29.4,8.9,46.6,17.9,88.9,6.9,110.8,pomegranate
38.4,30.3,39.1,18.8,90.6,6.8,104.3,pomegranate
24.5,30.1,37.7,21.1,89.5,6.7,109.0,pomegranate
36.3,11.8,38.2,21.2,91.2,6.8,104.7,pomegranate
24.1,29.7,40.7,24.5,90.9,6.5,100.0,pomegranate
21.3,14.6,44.2,22.9,83.6,6.3,94.4,pomegranate
11.3,10.6,36.6,18.2,91.1,7.0,112.3,pomegranate
25.9,20.1,39.5,18.6,87.9,6.0,111.2,pomegranate
24.2,18.3,45.2,19.8,89.7,6.8,104.6,pomegranate
30.9,14.7,37.2,22.2,89.0,5.6,102.3,pomegranate
33.8,28.7,42.6,20.6,89.0,5.7,112.5,pomegranate
27.8,12.0,35.1,17.5,86.4,5.7,105.2,pomegranate
25.3,11.4,40.9,22.4,89.2,6.1,117.4,pomegranate
37.9,30.4,43.8,24.0,89.2,6.0,104.7,pomegranate
16.0,27.3,39.2,20.3,84.6,5.8,108.9,pomegranate
22.3,23.0,44.0,22.3,90.2,7.0,105.1,pomegranate
24.0,18.6,42.1,19.1,87.1,6.1,104.0,pomegranate
25.4,32.5,38.2,23.9,94.7,6.9,107.0,pomegranate
31.8,12.0,41.8,22.4,89.9,6.4,111.5,pomegranate
36.0,18.4,43.1,19.8,94.0,6.0,115.2,pomegranate
31.5,27.6,41.0,20.9,91.7,6.6,91.6,pomegranate
25.9,27.3,44.0,21.0,92.1,5.9,101.6,pomegranate
16.6,23.4,33.3,24.8,94.9,5.4,108.2,pomegranate
23.6,14.8,37.7,20.5,85.5,6.9,99.0,pomegranate
19.3,22.2,37.1,21.9,91.7,5.6,107.6,pomegranate
37.4,14.9,33.1,23.6,85.3,5.9,115.6,pomegranate
19.2,14.6,37.7,20.1,92.5,6.1,98.5,pomegranate
33.6,27.6,43.6,23.1,92.9,7.1,100.8,pomegranate
18.2,17.9,34.3,22.2,88.3,6.7,103.5,pomegranate
21.7,27.1,40.3,21.9,89.5,5.4,115.1,pomegranate
21.1,11.6,36.2,20.2,95.3,6.5,104.9,pomegranate
22.3,24.9,36.6,24.9,85.7,6.5,101.8,pomegranate
23.1,28.3,47.0,24.0,87.6,6.3,90.3,pomegranate
28.0,15.6,49.7,19.3,87.1,6.7,109.5,pomegranate
32.0,21.8,42.2,21.9,90.5,6.5,94.8,pomegranate
36.3,12.4,40.7,21.3,90.1,6.7,114.9,pomegranate
24.7,25.6,38.7,19.6,89.7,6.1,108.7,pomegranate
36.8,25.3,36.1,19.6,90.1,6.8,108.4,pomegranate
29.7,28.7,41.3,24.8,85.1,5.5,101.0,pomegranate
13.7,23.7,42.9,20.7,94.0,6.2,118.2,pomegranate
26.4,10.3,36.1,20.8,88.4,6.4,105.3,pomegranate
33.9,27.0,37.9,17.5,88.2,6.2,114.0,pomegranate
34.2,24.0,42.3,19.8,94.3,5.9,109.3,pomegranate
27.3,29.9,40.3,18.8,86.1,5.9,111.9,pomegranate
42.4,13.7,45.2,24.1,90.5,5.8,109.8,pomegranate
27.5,18.3,34.0,21.5,85.4,7.0,105.7,pomegranate
34.1,26.7,40.4,22.2,95.3,7.0,103.4,pomegranate
19.4,20.6,39.8,24.9,85.9,6.6,114.6,pomegranate
35.9,22.5,40.4,20.2,88.5,5.7,95.6,pomegranate
41.3,24.2,40.0,21.1,91.9,7.0,109.8,pomegranate
15.1,17.7,35.3,19.5,93.2,6.6,104.4,pomegranate
17.8,14.7,42.6,21.0,89.8,5.7,112.3,pomegranate
31.0,18.9,35.7,23.4,94.2,6.0,106.1,pomegranate
19.1,18.5,38.6,24.6,87.1,5.7,119.9,pomegranate
32.3,20.1,34.3,20.4,86.2,6.5,104.6,pomegranate
22.9,13.5,38.3,20.4,93.4,6.0,105.0,pomegranate
36.2,28.1,39.5,20.0,88.6,6.8,108.3,pomegranate
26.5,21.8,37.8,24.4,87.0,6.4,113.2,pomegranate
35.4,27.1,42.1,19.3,86.0,5.8,105.7,pomegranate
36.7,11.9,34.3,22.2,92.2,6.4,98.8,pomegranate
28.4,27.6,42.9,22.6,95.1,5.5,104.0,pomegranate
36.3,28.0,43.2,19.4,87.8,6.1,108.8,pomegranate
26.7,12.3,35.3,17.5,90.1,7.1,97.7,pomegranate
36.0,18.0,40.9,21.1,92.1,7.1,92.6,pomegranate
19.9,21.0,39.9,22.8,90.3,5.7,100.9,pomegranate
34.6,17.8,42.9,22.4,84.8,5.7,91.8,pomegranate
19.3,20.1,39.1,18.0,87.9,6.6,94.8,pomegranate
26.5,19.8,37.5,19.7,92.9,5.7,104.5,pomegranate
18.3,13.4,36.4,18.0,86.0,5.6,103.1,pomegranate
34.9,24.9,41.5,18.1,89.6,6.0,102.1,pomegranate
26.8,20.7,45.4,24.2,90.6,6.2,108.5,pomegranate
35.6,10.4,41.2,19.0,88.2,6.9,105.7,pomegranate
17.2,15.6,38.1,17.7,89.2,7.2,92.1,pomegranate
19.6,26.3,36.5,22.2,90.9,6.1,106.1,pomegranate
15.6,13.6,36.4,18.6,94.0,5.9,115.0,pomegranate
19.0,23.7,39.6,23.9,94.5,5.9,110.3,pomegranate
18.1,19.1,36.9,18.0,89.0,5.8,102.2,pomegranate
23.9,20.9,39.2,19.6,94.7,7.1,100.0,pomegranate
20.0,21.1,40.6,23.2,91.6,6.0,94.6,pomegranate
32.5,31.5,43.8,21.1,87.0,6.7,114.9,pomegranate
121.7,81.6,51.9,27.8,84.4,6.2,111.6,banana
88.8,82.1,48.1,27.1,82.9,6.5,113.4,banana
96.0,82.1,50.3,29.8,80.0,5.9,101.7,banana
116.1,82.8,53.5,25.0,82.3,6.4,107.2,banana
117.3,89.9,52.0,30.6,79.3,5.6,93.0,banana
110.5,71.7,50.4,29.5,75.0,6.3,93.7,banana
97.8,94.2,51.3,28.0,82.8,6.5,101.8,banana
110.9,86.2,44.0,28.7,81.0,5.5,91.3,banana
97.6,73.8,51.1,27.3,81.1,5.9,125.3,banana
117.1,87.4,49.6,29.7,75.9,6.4,95.8,banana
111.6,94.9,58.7,27.4,79.0,5.5,98.5,banana
105.3,82.6,49.6,27.4,81.8,5.6,120.3,banana
121.1,77.9,51.0,29.5,78.8,6.1,100.7,banana
110.6,87.6,46.2,28.5,83.4,5.8,94.5,banana
119.0,78.8,46.5,28.8,85.2,5.9,96.7,banana
118.4,72.9,46.0,29.1,79.6,5.6,115.8,banana
101.9,76.7,46.3,27.8,81.8,5.9,90.5,banana
117.0,90.6,53.6,30.7,79.1,5.9,109.6,banana
112.7,82.2,44.0,29.4,81.8,6.1,117.8,banana
90.7,79.1,52.4,25.7,83.3,5.9,117.9,banana
104.0,81.9,47.2,26.6,80.6,5.9,98.3,banana
109.5,92.6,47.7,26.6,85.0,6.1,101.4,banana
108.1,90.3,44.0,25.3,80.6,6.5,82.7,banana
117.3,80.3,47.9,25.9,76.4,5.9,109.6,banana
100.8,74.7,52.1,28.9,76.4,6.3,110.3,banana
93.1,78.2,43.7,25.6,83.5,5.6,116.8,banana
105.0,92.1,47.4,28.8,79.5,6.4,109.0,banana
108.2,90.8,45.2,26.3,83.7,5.6,118.5,banana
100.5,77.7,50.6,29.0,80.3,5.6,91.8,banana
118.7,92.9,46.0,24.7,82.6,5.5,112.6,banana
96.7,72.7,50.9,27.2,79.0,5.6,88.5,banana
102.7,75.4,49.2,30.0,78.0,5.5,93.8,banana
89.1,71.5,47.3,28.9,79.6,5.8,101.9,banana
92.3,96.1,48.0,28.8,87.0,6.3,108.6,banana
104.8,91.0,43.2,26.3,80.3,6.0,116.3,banana
105.8,86.8,45.6,26.9,84.3,6.6,99.0,banana
116.0,84.4,54.1,28.5,83.9,5.6,114.6,banana
120.0,92.1,50.5,28.1,84.6,5.5,106.6,banana
113.5,69.7,49.7,29.5,80.0,6.6,107.3,banana
122.2,70.8,50.9,26.2,77.8,5.6,117.9,banana
106.8,95.1,49.2,30.0,80.0,6.1,103.6,banana
103.8,90.2,52.0,28.6,79.5,5.9,97.9,banana
90.8,93.0,59.3,25.3,75.9,5.7,110.3,banana
101.5,86.0,52.1,28.0,78.9,6.4,117.6,banana
96.4,82.4,54.1,26.5,83.3,6.1,120.9,banana
91.9,94.4,46.8,29.6,80.1,6.2,107.2,banana
118.4,76.3,44.3,26.6,82.0,6.4,103.2,banana
93.7,78.3,54.9,28.1,80.5,6.0,117.8,banana
99.0,73.0,53.9,27.8,78.9,6.1,103.0,banana
107.1,74.4,47.4,28.0,79.9,6.4,115.6,banana
109.6,90.3,47.3,26.4,71.7,6.0,105.5,banana
119.2,82.6,49.0,25.8,82.9,6.4,120.2,banana
103.6,86.2,56.5,24.2,78.4,6.2,89.0,banana
93.9,83.1,43.8,26.6,76.5,6.1,97.8,banana
107.4,91.5,54.6,28.9,82.3,6.2,103.9,banana
90.0,87.5,55.1,28.2,76.4,5.6,103.4,banana
112.5,85.3,51.8,28.7,74.4,5.7,108.1,banana
109.3,84.3,50.5,26.5,78.9,5.6,114.1,banana
93.2,91.2,47.5,26.2,81.7,5.6,119.2,banana
96.3,65.1,46.9,30.0,77.7,6.2,125.9,banana
94.7,89.7,49.4,25.0,75.1,5.7,125.1,banana
91.3,76.4,46.0,29.5,75.7,6.0,95.5,banana
117.1,90.7,54.4,28.7,81.1,5.9,102.0,banana
120.0,71.6,55.5,26.1,79.2,6.4,94.2,banana
100.1,93.5,50.8,24.7,79.2,6.0,112.4,banana
109.7,94.1,53.4,27.5,82.0,6.5,99.8,banana
99.3,87.3,47.3,24.2,83.7,6.3,110.8,banana
99.3,78.4,55.7,25.7,82.8,5.7,108.4,banana
107.2,75.1,50.8,25.2,79.8,5.6,100.2,banana
91.6,93.6,59.0,28.5,81.5,6.2,88.0,banana
97.1,91.4,48.0,29.7,81.3,5.8,106.6,banana
99.1,91.6,47.5,26.9,79.5,5.7,122.0,banana
113.0,87.2,49.8,27.4,76.2,5.6,90.2,banana
114.2,79.9,48.7,27.3,77.9,6.1,114.0,banana
116.0,96.1,53.0,28.5,81.7,5.5,105.6,banana
108.3,91.6,50.2,28.7,79.5,6.1,119.3,banana
113.9,72.7,43.9,27.4,82.0,6.0,94.5,banana
117.0,68.9,51.1,26.2,78.9,5.5,114.1,banana
105.8,82.8,49.5,28.8,82.9,5.7,109.8,banana
100.4,73.9,50.6,25.6,81.0,6.5,108.5,banana
106.1,83.6,53.8,28.7,78.5,6.4,82.7,banana
97.5,83.9,55.7,25.2,80.2,6.1,105.6,banana
114.2,74.0,44.1,27.4,80.0,6.0,99.6,banana
107.3,71.9,46.0,26.6,81.1,6.2,101.7,banana
102.2,93.5,52.5,29.2,80.6,6.2,95.0,banana
104.6,96.0,56.4,27.9,79.2,5.9,111.7,banana
108.2,75.4,50.0,29.7,76.2,5.4,116.9,banana
99.0,79.6,55.9,28.3,81.9,6.1,98.2,banana
99.7,84.8,50.7,25.9,82.3,5.8,84.5,banana
116.3,80.0,47.4,28.2,80.7,5.9,110.8,banana
114.9,90.0,52.9,30.6,77.8,6.5,114.9,banana
111.6,75.3,49.7,25.7,76.9,5.6,106.0,banana
107.4,74.9,47.8,25.2,76.9,6.5,95.4,banana
107.2,81.1,53.4,29.3,75.5,5.4,103.4,banana
119.8,70.1,49.5,27.0,74.6,5.7,108.2,banana
106.8,83.1,47.1,26.6,74.1,5.9,97.8,banana
108.4,75.0,52.8,26.7,80.7,6.3,106.3,banana
91.9,85.4,56.0,25.5,80.3,6.2,104.7,banana
103.7,94.3,50.3,29.7,86.1,5.9,105.5,banana
108.9,84.0,52.5,29.5,80.4,5.9,107.6,banana
36.5,16.3,32.1,32.7,50.8,6.0,99.1,mango
35.0,38.2,26.4,31.1,50.4,4.7,96.1,mango
27.3,32.8,26.4,28.8,51.9,4.8,98.3,mango
33.7,17.3,28.9,26.4,48.6,4.7,88.9,mango
30.7,25.3,35.6,36.0,52.0,5.8,99.5,mango
28.5,25.2,33.8,27.1,51.9,5.0,88.7,mango
37.2,42.5,28.8,33.8,46.6,6.8,86.5,mango
27.9,39.4,28.1,31.5,52.2,6.3,91.5,mango
32.5,20.6,31.6,28.6,51.4,6.5,93.3,mango
23.4,14.6,33.5,32.9,46.5,5.4,111.6,mango
34.7,29.2,25.2,29.3,48.3,5.3,91.2,mango
39.7,19.4,28.8,30.7,50.2,6.3,90.6,mango
21.8,12.2,30.9,27.9,54.3,5.4,102.9,mango
22.0,20.4,29.3,28.3,52.1,5.3,92.9,mango
14.5,38.2,31.0,29.1,55.5,4.6,90.7,mango
29.5,24.5,30.6,29.4,49.4,5.5,86.8,mango
23.0,36.2,31.8,33.3,48.4,4.9,89.7,mango
15.1,28.8,28.0,34.7,48.2,4.7,92.1,mango
21.5,21.0,20.0,28.6,46.9,6.3,101.3,mango
20.5,24.9,36.3,32.1,54.9,5.8,104.1,mango
37.5,17.1,33.2,29.7,46.4,5.9,89.4,mango
22.0,22.1,34.3,27.7,50.6,6.4,105.0,mango
36.5,32.7,26.1,31.0,46.4,4.5,93.7,mango
27.0,26.9,24.9,32.2,51.9,5.2,101.6,mango
23.1,17.2,29.8,32.0,51.3,5.8,105.9,mango
26.0,26.7,30.8,29.8,49.4,6.3,92.6,mango
35.6,40.7,25.7,30.1,50.9,5.5,90.8,mango
33.7,28.8,24.0,30.9,47.9,6.4,90.7,mango
27.3,17.4,31.4,32.8,53.5,6.7,94.4,mango
28.1,35.2,31.8,32.5,53.9,6.5,105.9,mango
27.5,18.0,31.6,35.1,51.8,6.5,102.2,mango
34.4,34.0,33.3,31.7,52.5,5.9,91.3,mango
37.9,19.4,26.3,33.6,47.1,5.6,89.2,mango
37.1,35.2,33.0,33.0,49.9,4.5,100.4,mango
27.7,19.1,26.7,30.3,49.9,6.9,85.2,mango
16.5,22.8,28.7,30.8,44.6,4.5,87.6,mango
26.1,36.2,30.5,29.3,51.9,6.3,85.2,mango
24.7,25.3,34.6,28.9,48.8,6.3,91.8,mango
35.2,28.6,32.0,29.0,49.9,4.5,94.7,mango
35.5,36.7,31.5,35.2,48.2,6.2,94.7,mango
33.1,17.0,24.0,27.6,45.0,6.8,86.8,mango
22.4,32.4,33.3,33.5,51.1,7.0,90.4,mango
27.4,21.4,29.1,30.3,50.2,6.3,100.3,mango
27.7,34.7,28.6,29.5,48.8,4.7,93.7,mango
20.4,20.6,24.6,32.7,45.0,5.0,89.4,mango
25.6,37.9,26.5,30.4,54.2,5.9,101.0,mango
15.2,26.2,32.7,33.6,46.1,6.3,102.1,mango
26.4,35.2,34.9,33.4,48.8,6.5,105.0,mango
20.2,22.3,26.3,33.4,49.9,5.4,91.8,mango
22.6,37.4,30.7,33.6,47.2,6.1,98.5,mango
20.1,36.6,31.7,31.3,52.5,6.4,97.3,mango
35.7,37.1,32.1,33.5,50.4,4.7,93.7,mango
20.8,33.5,33.3,36.2,48.8,6.2,74.9,mango
35.3,26.6,35.6,28.5,50.9,5.5,82.8,mango
35.5,29.8,24.7,33.1,49.8,6.6,99.6,mango
18.1,27.8,30.3,31.7,44.9,6.9,89.5,mango
22.3,38.9,30.9,27.8,46.9,5.6,97.8,mango
18.0,35.7,30.3,30.7,53.1,6.0,96.4,mango
28.7,19.4,29.7,31.5,55.7,5.3,87.8,mango
42.5,37.5,32.9,29.2,48.8,6.7,92.0,mango
28.7,22.7,35.8,33.3,49.6,5.5,100.5,mango
37.5,38.4,27.3,28.8,48.1,5.6,104.2,mango
20.9,29.0,25.0,29.2,50.9,6.7,95.2,mango
40.5,24.3,34.0,31.7,45.3,6.7,100.7,mango
27.4,40.0,31.1,30.5,46.7,6.4,92.1,mango
23.3,16.9,33.0,32.7,48.0,5.2,103.3,mango
35.2,30.0,31.7,28.9,49.3,6.9,81.5,mango
26.2,14.8,33.6,34.9,47.1,6.2,94.7,mango
26.9,22.0,29.1,32.4,54.1,5.1,106.6,mango
23.0,31.5,32.6,33.3,53.3,6.6,99.7,mango
32.5,27.6,24.3,30.0,55.2,6.1,104.5,mango
41.9,19.5,31.5,29.2,55.8,6.9,106.1,mango
25.6,28.6,34.9,34.4,47.5,4.9,88.9,mango
17.4,28.1,27.9,31.7,50.3,6.5,95.7,mango
23.1,34.4,22.3,33.8,56.0,6.2,105.9,mango
19.0,21.0,29.7,34.8,55.3,5.7,95.5,mango
38.1,18.3,29.5,33.6,43.7,4.9,97.0,mango
20.5,28.9,25.3,35.2,49.6,6.3,106.3,mango
30.2,35.0,28.4,34.7,50.2,6.2,97.8,mango
31.7,36.9,35.4,34.9,53.7,5.4,98.9,mango
40.5,41.3,27.5,27.4,47.3,4.7,101.9,mango
34.0,34.9,35.0,35.3,50.6,5.2,108.3,mango
17.1,21.0,38.3,35.3,52.8,6.2,93.7,mango
32.7,15.7,29.8,27.8,46.2,5.0,91.7,mango
36.0,20.8,31.5,34.3,54.1,5.6,85.7,mango
32.5,29.2,30.2,30.6,49.8,4.7,99.4,mango
27.4,25.8,37.7,31.9,48.5,7.1,95.1,mango
15.2,23.9,28.4,26.6,56.0,5.7,103.8,mango
36.8,16.3,28.9,36.2,46.2,5.9,99.0,mango
39.3,24.9,35.9,32.9,46.0,5.5,87.3,mango
29.2,30.4,29.2,33.8,47.6,5.4,102.8,mango
19.3,25.3,23.5,35.7,45.7,5.0,93.9,mango
24.9,25.8,30.6,28.5,51.8,4.8,83.1,mango
15.1,18.0,36.1,29.6,51.8,4.9,92.2,mango
26.4,27.6,32.2,31.3,49.7,5.5,88.9,mango
14.2,39.2,36.3,33.2,54.1,6.7,88.4,mango
15.9,15.4,22.7,30.9,49.8,4.8,87.1,mango
36.5,18.8,34.5,33.9,47.5,6.0,91.0,mango
18.9,19.5,29.9,28.6,48.6,5.7,88.2,mango
24.0,22.4,30.8,28.7,49.6,6.9,93.8,mango
21.5,137.4,199.7,27.0,80.0,6.3,66.9,grapes
34.5,120.9,194.9,12.6,81.0,6.1,71.4,grapes
14.2,139.5,201.9,23.2,81.3,5.3,78.5,grapes
22.1,143.8,201.9,14.9,85.9,6.1,69.1,grapes
20.4,120.3,196.9,9.2,82.1,6.5,69.1,grapes
23.8,135.3,193.6,14.8,81.2,5.6,73.6,grapes
26.6,133.0,200.7,8.8,83.9,6.0,62.4,grapes
23.7,140.9,203.0,14.1,85.1,5.9,62.5,grapes
36.9,130.3,199.4,29.2,84.2,5.9,78.3,grapes
41.7,140.0,198.4,19.1,84.2,6.6,66.0,grapes
25.2,134.3,195.0,39.3,80.0,6.5,65.0,grapes
22.3,122.7,206.1,30.7,83.7,6.2,71.2,grapes
33.8,137.4,200.5,41.3,81.3,6.3,70.8,grapes
18.6,122.4,203.4,19.4,80.2,6.3,72.2,grapes
25.2,135.4,199.5,32.5,84.0,6.4,56.2,grapes
26.7,141.6,201.7,41.5,84.3,6.0,66.0,grapes
31.2,128.2,196.6,18.4,82.9,5.8,62.0,grapes
36.4,125.7,200.8,36.9,81.2,5.3,67.2,grapes
38.0,129.9,198.9,9.6,83.6,6.2,63.1,grapes
24.3,140.4,197.9,20.2,84.0,6.0,64.7,grapes
20.7,138.0,204.3,17.5,82.8,5.7,59.6,grapes
14.6,123.0,198.0,29.3,79.9,6.3,59.1,grapes
37.0,138.0,200.6,20.2,82.2,5.9,83.5,grapes
33.7,142.6,202.5,22.3,82.9,6.1,69.5,grapes
33.5,139.6,189.6,33.8,80.5,5.7,77.2,grapes
23.0,143.2,198.0,37.4,82.4,6.2,67.6,grapes
22.7,140.3,197.9,27.6,83.9,5.7,69.6,grapes
19.4,141.3,200.0,11.2,85.0,6.2,70.7,grapes
18.7,130.8,208.3,30.6,81.1,6.1,78.9,grapes
24.0,136.1,196.0,9.4,80.2,6.2,69.7,grapes
30.8,140.7,195.1,30.0,82.4,5.8,61.2,grapes
30.1,124.3,195.2,16.1,83.4,6.2,72.4,grapes
26.3,125.7,199.3,37.4,84.8,5.6,72.0,grapes
27.4,131.8,203.4,37.2,84.2,5.9,67.2,grapes
16.9,140.2,189.7,21.6,83.6,5.5,73.4,grapes
18.8,134.0,202.7,29.6,82.7,6.3,63.2,grapes
13.0,124.2,200.0,16.5,80.8,6.2,66.2,grapes
30.9,128.4,197.6,26.0,82.9,6.0,58.4,grapes
38.5,138.3,205.4,13.3,80.5,5.9,78.0,grapes
23.5,135.9,196.3,21.1,81.5,6.1,72.4,grapes
21.6,136.0,197.8,26.9,81.2,6.0,70.7,grapes
34.0,139.5,197.8,39.2,82.2,5.8,71.7,grapes
27.4,144.8,204.7,17.5,83.7,6.4,73.1,grapes
27.5,129.3,200.0,39.2,81.9,6.0,62.7,grapes
21.9,142.2,200.3,15.2,78.6,6.3,70.0,grapes
40.2,123.6,203.2,30.3,81.3,5.7,64.5,grapes
18.2,117.0,206.0,14.2,83.4,6.2,69.9,grapes
15.7,135.5,203.1,37.7,79.8,5.4,68.6,grapes
37.1,125.5,200.7,35.7,82.1,6.4,73.4,grapes
29.6,122.7,197.8,37.6,84.5,6.4,68.3,grapes
24.7,140.7,195.8,13.5,84.0,6.2,66.2,grapes
40.5,138.9,202.0,25.5,83.5,5.7,65.9,grapes
28.4,142.7,201.2,36.9,79.8,5.9,79.8,grapes
23.0,128.1,204.7,15.9,84.4,5.7,73.7,grapes
15.1,120.7,201.3,29.4,82.8,5.7,63.5,grapes
34.9,138.7,198.2,18.2,82.2,5.9,63.5,grapes
20.9,122.3,200.9,34.7,83.3,5.5,71.2,grapes
24.2,120.7,198.6,25.2,83.6,6.2,80.2,grapes
30.2,134.8,196.1,14.0,83.3,6.1,73.5,grapes
24.5,134.2,203.1,10.0,80.5,6.2,72.4,grapes
36.7,132.0,200.4,14.4,84.4,5.8,73.7,grapes
28.5,143.3,204.6,25.8,83.2,5.7,69.5,grapes
43.3,126.9,201.6,29.9,81.1,5.6,70.2,grapes
21.8,140.1,199.3,29.9,81.3,5.9,70.7,grapes
23.7,128.8,201.4,34.0,81.5,6.1,67.8,grapes
16.2,143.0,205.2,24.1,80.5,6.4,77.8,grapes
24.6,125.4,202.4,11.6,85.3,6.1,68.1,grapes
14.9,128.0,197.7,33.6,84.6,5.8,78.1,grapes
28.4,120.9,202.3,33.1,80.4,6.2,76.9,grapes
23.8,134.5,197.7,36.1,81.2,5.9,75.4,grapes
31.8,141.7,200.7,19.2,81.4,6.2,66.2,grapes
21.6,141.6,198.8,15.0,82.6,6.3,80.9,grapes
24.1,131.9,205.5,8.7,82.2,5.9,67.9,grapes
23.2,126.7,196.0,33.4,85.3,5.9,74.1,grapes
19.8,138.2,198.3,29.7,85.0,5.8,72.9,grapes
38.2,143.6,192.2,35.8,81.7,6.3,69.8,grapes
23.1,141.7,199.0,16.9,83.8,6.4,65.6,grapes
24.4,125.5,198.6,23.3,85.7,5.8,74.4,grapes
25.0,122.8,205.8,9.6,80.7,5.9,80.4,grapes
25.2,142.4,202.6,39.2,82.7,5.8,77.6,grapes
31.8,142.5,202.1,33.8,83.8,6.0,66.0,grapes
31.3,132.1,205.0,13.0,82.4,5.7,67.8,grapes
27.9,137.4,199.2,26.1,83.0,5.4,66.9,grapes
36.2,131.4,194.2,14.6,83.4,6.0,70.7,grapes
38.6,127.8,200.0,15.9,86.4,6.5,69.4,grapes
21.6,129.3,199.8,22.5,82.3,5.6,68.8,grapes
42.1,133.5,194.4,33.4,81.3,5.7,66.5,grapes
29.5,129.8,198.9,10.7,81.6,6.5,71.1,grapes
34.9,133.7,191.4,34.2,81.4,5.7,66.7,grapes
33.6,138.8,199.9,20.5,79.8,5.6,71.8,grapes
34.5,142.1,201.9,14.8,81.9,6.0,88.3,grapes
39.1,131.1,197.3,21.6,84.8,6.4,71.8,grapes
25.3,135.6,200.5,28.8,81.6,6.4,68.5,grapes
30.3,133.3,198.4,39.2,83.5,5.7,68.1,grapes
36.2,127.4,195.1,35.5,81.2,6.3,72.1,grapes
33.5,120.2,196.5,31.5,81.7,6.7,65.2,grapes
20.1,123.9,202.7,11.6,81.5,5.8,74.1,grapes
29.4,136.8,205.6,35.2,82.5,6.6,69.8,grapes
25.6,145.2,205.8,36.5,82.3,5.9,63.5,grapes
25.7,142.6,198.2,39.8,81.7,6.5,70.1,grapes
94.9,19.5,50.4,25.6,87.8,7.0,44.3,watermelon
96.4,24.4,53.4,25.7,87.9,6.7,48.1,watermelon
97.3,17.3,55.3,25.0,81.7,6.0,65.8,watermelon
116.7,29.5,48.5,25.2,89.4,6.1,52.8,watermelon
111.7,20.0,50.9,23.6,88.8,7.0,44.2,watermelon
106.9,19.0,43.3,28.0,83.3,7.0,51.8,watermelon
115.8,24.1,43.7,24.5,87.1,6.9,46.8,watermelon
86.0,14.3,54.9,26.9,82.3,6.8,53.7,watermelon
101.4,21.6,45.3,25.0,89.7,6.2,52.9,watermelon
101.4,28.1,48.7,26.0,89.7,6.3,39.2,watermelon
91.5,13.0,51.9,27.0,87.0,6.3,54.2,watermelon
103.8,24.7,50.7,26.3,84.0,6.9,45.4,watermelon
83.6,18.8,50.8,24.1,81.9,6.8,62.4,watermelon
92.6,28.8,46.7,27.1,92.0,6.7,48.5,watermelon
115.8,16.8,56.8,25.4,88.6,7.0,41.9,watermelon
115.5,16.3,52.7,24.5,80.9,7.0,52.6,watermelon
107.8,12.0,52.3,24.3,89.2,6.1,47.1,watermelon
83.1,11.7,47.0,26.9,85.4,6.1,56.5,watermelon
102.0,25.5,45.9,26.3,82.7,6.1,45.6,watermelon
85.4,26.9,48.8,26.7,88.9,7.0,42.3,watermelon
107.2,18.8,57.0,25.0,82.6,6.4,61.2,watermelon
96.2,14.3,48.1,24.1,80.1,6.2,49.6,watermelon
115.2,30.5,48.1,26.5,86.2,6.4,58.1,watermelon
104.1,23.5,49.5,24.4,84.4,6.2,40.7,watermelon
105.2,23.8,45.3,25.6,85.6,6.9,43.7,watermelon
110.8,28.9,50.9,25.6,80.6,7.0,60.6,watermelon
97.6,26.5,49.7,26.0,85.8,6.1,50.1,watermelon
84.7,28.6,51.0,24.0,84.7,6.1,37.7,watermelon
100.0,18.1,52.4,24.7,89.5,6.2,45.6,watermelon
103.9,14.8,51.1,24.5,85.4,6.7,48.3,watermelon
106.5,26.5,51.2,27.3,83.7,6.3,58.0,watermelon
89.8,26.1,48.2,24.0,87.3,6.9,40.9,watermelon
108.3,12.3,48.8,26.0,81.9,6.9,45.2,watermelon
109.0,29.2,53.3,26.8,81.3,6.4,46.3,watermelon
92.6,30.0,48.4,25.4,79.9,6.1,51.6,watermelon
94.2,18.9,47.9,26.4,88.1,6.1,64.0,watermelon
122.6,28.1,48.3,24.7,80.3,6.8,56.4,watermelon
116.2,19.8,49.0,24.7,88.7,6.5,53.4,watermelon
98.7,24.3,50.6,26.2,88.7,6.1,51.5,watermelon
114.7,18.8,45.3,25.7,85.7,6.7,47.5,watermelon
82.9,21.2,48.6,27.4,81.4,6.6,56.4,watermelon
79.5,21.8,43.8,26.7,81.9,6.7,63.5,watermelon
80.1,30.0,54.0,25.1,90.2,6.6,47.6,watermelon
88.5,17.5,53.5,25.0,82.7,6.9,52.4,watermelon
93.7,22.7,47.9,23.5,86.3,6.7,62.6,watermelon
108.6,13.1,47.2,25.1,88.7,6.8,55.1,watermelon
93.2,16.9,45.6,26.6,83.5,6.3,38.5,watermelon
84.5,12.9,55.0,26.0,87.1,6.6,62.9,watermelon
86.6,13.8,54.3,25.9,86.1,6.8,50.0,watermelon
96.0,14.3,43.9,25.6,82.9,6.2,46.2,watermelon
99.7,21.4,54.6,26.8,86.1,6.5,49.4,watermelon
88.0,14.2,47.9,26.1,79.9,6.3,52.2,watermelon
98.6,10.8,50.3,26.5,84.6,6.6,42.7,watermelon
105.9,22.5,43.1,26.8,89.6,6.9,44.8,watermelon
81.9,28.8,51.3,26.3,81.2,6.4,42.5,watermelon
87.7,30.8,48.9,26.5,90.2,6.9,46.7,watermelon
88.0,21.0,46.4,26.1,87.2,6.0,46.5,watermelon
94.6,11.1,49.9,26.2,86.6,6.5,40.3,watermelon
109.3,12.3,44.4,26.5,86.9,6.7,39.6,watermelon
117.9,19.8,55.1,24.8,86.9,6.9,47.8,watermelon
113.3,10.3,51.5,25.0,87.3,6.5,40.9,watermelon
103.0,23.4,46.5,26.5,90.0,6.3,50.8,watermelon
87.6,17.9,46.1,24.7,82.1,6.2,49.5,watermelon
95.4,22.8,51.4,26.8,86.3,6.3,50.3,watermelon
116.7,10.6,52.7,26.3,88.9,6.0,42.8,watermelon
117.2,27.5,46.2,25.0,81.8,5.9,34.9,watermelon
102.5,22.2,53.8,24.8,83.2,6.5,51.0,watermelon
90.1,13.9,47.0,25.2,84.2,6.8,58.9,watermelon
81.1,10.7,53.3,26.3,81.5,6.3,54.8,watermelon
121.9,20.4,46.7,25.6,85.7,6.5,37.0,watermelon
107.5,19.0,52.2,25.5,87.3,6.2,61.0,watermelon
111.2,11.7,45.4,27.5,86.0,6.2,49.9,watermelon
104.9,10.0,55.3,26.6,86.3,6.8,50.2,watermelon
90.9,10.9,49.7,26.7,82.9,6.5,55.2,watermelon
85.4,18.2,56.2,26.4,85.9,7.0,57.5,watermelon
121.5,8.5,50.5,26.4,88.4,6.8,56.1,watermelon
118.4,15.4,54.0,25.1,84.3,7.0,52.2,watermelon
104.1,20.6,44.9,25.7,87.0,6.9,37.0,watermelon
100.2,21.9,51.7,26.8,90.4,6.2,54.4,watermelon
98.1,31.1,47.5,25.1,81.9,6.7,60.1,watermelon
85.6,31.4,54.8,25.4,85.4,6.7,62.5,watermelon
84.7,12.9,51.0,25.4,88.3,6.3,59.2,watermelon
91.2,17.4,51.9,26.2,81.1,6.3,60.7,watermelon
104.1,18.3,49.7,25.3,86.0,6.4,52.3,watermelon
117.6,25.6,51.6,26.3,80.2,6.5,50.9,watermelon
115.0,19.1,53.0,26.9,81.5,6.2,50.8,watermelon
113.3,15.9,46.5,24.2,86.4,6.4,36.6,watermelon
102.2,29.8,50.7,27.6,85.0,6.4,50.5,watermelon
96.7,28.9,45.0,25.5,81.5,6.0,48.7,watermelon
84.4,23.1,51.9,26.0,82.6,6.8,47.8,watermelon
87.5,21.7,49.3,24.2,81.1,6.2,50.7,watermelon
97.6,18.0,51.6,27.1,90.4,6.1,61.7,watermelon
115.4,7.9,46.9,26.4,82.3,6.9,58.1,watermelon
90.2,30.3,47.2,25.9,80.5,7.0,51.5,watermelon
82.6,24.7,51.2,24.2,89.0,6.9,59.7,watermelon
119.1,25.2,56.2,26.7,82.1,7.0,56.4,watermelon
114.4,18.6,46.1,25.0,81.6,6.6,41.7,watermelon
113.2,18.3,51.3,26.1,88.2,6.2,44.8,watermelon
112.8,12.4,51.8,26.6,85.8,6.9,54.9,watermelon
108.4,29.0,50.8,24.8,81.0,6.0,52.9,watermelon
84.7,12.9,51.2,27.7,95.4,6.5,23.3,muskmelon
116.9,20.8,53.3,27.3,94.6,6.2,17.1,muskmelon
110.5,16.2,51.8,26.9,93.8,6.1,21.5,muskmelon
87.8,21.4,50.5,28.9,90.8,6.9,34.8,muskmelon
81.3,12.9,45.5,28.0,92.8,6.2,19.5,muskmelon
115.9,25.0,51.4,27.7,91.4,6.1,29.1,muskmelon
96.2,22.9,48.1,29.2,93.4,6.3,29.2,muskmelon
106.4,22.3,51.8,28.1,91.4,6.6,19.0,muskmelon
112.0,22.5,56.2,29.1,94.1,6.6,27.8,muskmelon
119.8,27.4,42.5,27.3,94.0,6.5,25.7,muskmelon
97.8,30.1,47.1,28.9,92.0,6.3,28.6,muskmelon
107.5,21.7,52.0,29.6,95.2,6.3,21.3,muskmelon
114.3,24.1,57.2,27.4,93.3,6.4,23.3,muskmelon
102.3,28.4,52.4,27.3,94.6,6.3,27.8,muskmelon
92.9,24.1,50.4,28.6,91.6,6.4,22.3,muskmelon
120.7,19.9,42.4,29.1,93.9,6.5,36.8,muskmelon
113.1,21.3,52.7,27.4,94.8,6.1,34.8,muskmelon
93.2,23.4,50.1,28.3,89.8,6.2,21.6,muskmelon
110.1,16.4,49.0,27.3,92.9,6.3,38.3,muskmelon
107.5,28.4,52.3,27.4,93.8,6.0,31.6,muskmelon
96.1,23.2,54.4,27.3,92.0,6.2,29.5,muskmelon
119.6,26.5,55.0,27.1,95.3,6.2,34.5,muskmelon
112.8,13.2,45.4,27.7,94.4,6.2,27.9,muskmelon
99.6,23.4,51.3,27.6,90.2,6.4,16.2,muskmelon
109.7,12.5,45.8,27.6,92.8,6.6,26.0,muskmelon
90.3,27.5,56.5,27.7,95.3,6.7,20.2,muskmelon
98.5,13.7,56.1,28.6,94.1,6.5,21.8,muskmelon
84.3,17.4,51.9,28.1,93.2,6.7,24.6,muskmelon
111.9,26.5,54.6,29.2,91.3,6.3,8.6,muskmelon
102.3,19.5,51.7,27.7,95.4,6.1,31.3,muskmelon
91.5,19.4,47.5,28.6,90.8,6.0,31.3,muskmelon
114.7,29.1,46.0,28.7,90.6,6.1,33.9,muskmelon
104.9,21.7,48.5,27.1,92.1,6.5,27.4,muskmelon
102.3,25.7,53.4,27.7,95.9,6.6,38.6,muskmelon
120.9,14.2,54.2,27.6,94.3,6.1,22.6,muskmelon
107.0,27.5,56.2,28.5,91.0,6.8,21.9,muskmelon
118.8,25.8,51.2,27.3,93.0,6.4,27.5,muskmelon
116.4,12.0,49.5,26.8,93.9,6.3,27.0,muskmelon
92.7,22.8,48.9,27.5,90.8,6.2,23.7,muskmelon
112.5,8.5,50.0,28.9,95.6,6.7,22.5,muskmelon
107.9,12.7,48.6,28.4,89.7,6.0,30.4,muskmelon
90.8,19.3,48.5,28.3,94.1,6.2,29.1,muskmelon
88.0,17.3,49.6,27.7,90.8,6.5,25.2,muskmelon
89.9,11.5,52.2,28.2,94.6,6.8,23.7,muskmelon
101.1,16.2,49.2,27.6,92.1,6.3,21.9,muskmelon
85.6,16.4,52.4,27.2,89.2,6.7,19.6,muskmelon
96.0,27.7,52.9,28.5,94.3,5.9,29.4,muskmelon
99.9,24.6,53.3,27.4,93.1,6.6,20.2,muskmelon
109.4,20.9,54.6,28.2,91.1,6.7,29.9,muskmelon
104.3,26.7,49.9,27.0,91.4,6.4,20.0,muskmelon
116.2,27.2,48.4,28.0,91.1,6.4,36.4,muskmelon
99.0,24.1,52.3,27.0,90.6,6.9,24.1,muskmelon
112.0,29.2,49.3,27.8,94.3,6.3,32.2,muskmelon
96.8,19.6,46.2,27.7,90.5,6.2,20.1,muskmelon
89.8,11.7,50.0,27.9,93.9,6.2,22.9,muskmelon
117.6,18.1,48.4,28.2,89.9,6.5,26.5,muskmelon
95.5,13.9,47.0,27.4,90.9,6.1,30.9,muskmelon
91.8,18.2,56.3,28.4,92.2,6.6,23.0,muskmelon
117.2,27.4,47.3,26.9,93.4,6.1,25.7,muskmelon
84.5,20.5,46.3,27.7,94.2,6.2,22.1,muskmelon
114.1,19.8,56.6,27.4,95.1,6.0,20.1,muskmelon
90.7,16.5,49.5,28.9,92.0,6.0,22.9,muskmelon
86.8,24.1,52.3,27.1,90.0,6.2,34.1,muskmelon
99.6,20.1,51.8,28.9,94.6,6.4,25.8,muskmelon
117.4,14.5,47.1,27.6,89.9,6.4,13.4,muskmelon
81.3,9.9,55.1,27.0,93.2,6.1,28.1,muskmelon
115.6,28.5,54.2,27.6,94.8,6.6,24.5,muskmelon
93.4,19.5,47.6,28.1,92.5,6.5,31.6,muskmelon
87.2,27.7,52.3,29.1,90.4,6.2,27.2,muskmelon
116.8,9.1,47.1,29.6,90.3,6.3,25.2,muskmelon
83.0,26.7,55.0,28.2,93.8,6.1,26.6,muskmelon
110.6,16.3,48.7,26.8,89.7,6.7,21.1,muskmelon
99.9,21.1,47.9,27.5,94.0,6.9,20.6,muskmelon
90.9,27.3,54.6,29.0,91.0,6.7,25.5,muskmelon
111.6,26.0,46.8,28.6,90.2,5.9,34.9,muskmelon
90.1,21.6,55.4,30.1,91.4,6.2,26.2,muskmelon
82.0,24.1,52.4,28.1,96.1,6.2,21.5,muskmelon
105.2,19.2,45.9,28.8,95.6,6.3,24.2,muskmelon
105.1,19.7,56.2,28.8,93.0,6.3,31.1,muskmelon
81.4,20.7,47.8,27.7,92.3,6.0,23.2,muskmelon
99.6,25.5,47.7,28.2,93.2,6.5,25.8,muskmelon
114.6,9.9,48.9,28.3,91.7,6.4,34.8,muskmelon
99.4,17.4,50.9,27.8,93.3,6.2,19.4,muskmelon
97.7,32.1,47.7,28.2,90.6,6.4,41.3,muskmelon
91.7,19.5,49.2,28.9,92.5,6.8,27.0,muskmelon
97.7,17.9,45.3,28.4,90.7,6.0,27.0,muskmelon
95.3,26.7,55.0,28.5,94.9,6.2,31.2,muskmelon
118.2,12.3,52.0,28.9,95.3,6.6,15.9,muskmelon
104.6,26.3,44.3,27.8,92.7,6.2,27.3,muskmelon
113.5,28.2,55.9,27.5,90.0,6.2,23.3,muskmelon
114.5,12.8,47.9,27.0,90.4,6.5,33.3,muskmelon
93.0,16.0,45.5,28.7,90.7,6.6,25.3,muskmelon
111.6,31.1,49.2,28.0,88.9,6.4,19.3,muskmelon
99.7,22.5,50.8,26.8,94.6,6.4,18.1,muskmelon
98.5,31.8,46.6,27.8,92.9,6.7,31.4,muskmelon
108.0,25.1,46.4,27.9,92.8,6.3,26.9,muskmelon
115.0,17.9,48.9,27.9,92.9,6.7,25.9,muskmelon
89.8,24.3,48.4,26.8,92.9,6.8,23.5,muskmelon
95.5,24.7,49.2,29.5,90.5,6.2,31.8,muskmelon
96.3,21.4,47.6,28.7,96.8,6.5,19.4,muskmelon
26.3,140.0,202.3,21.1,91.2,6.2,118.0,apple
35.1,130.5,195.9,21.3,93.9,5.6,101.4,apple
13.0,143.0,199.1,24.1,93.4,6.0,125.0,apple
7.5,140.8,195.8,22.5,92.2,5.7,104.1,apple
35.9,137.0,196.6,24.4,94.3,6.1,98.3,apple
22.9,126.6,197.8,21.5,92.7,5.9,116.9,apple
6.2,128.9,198.1,23.1,91.1,5.7,100.8,apple
9.3,131.4,200.6,22.5,90.6,5.7,109.2,apple
0.8,121.9,199.7,22.3,92.7,5.9,90.7,apple
12.0,124.2,191.6,21.5,91.0,6.2,118.4,apple
25.2,138.6,197.3,22.4,94.8,5.5,120.1,apple
4.9,141.7,196.0,20.9,94.7,5.5,109.8,apple
31.0,146.4,198.8,22.2,88.6,6.4,126.8,apple
11.4,130.3,199.3,23.1,94.1,6.0,117.5,apple
17.3,144.0,197.4,22.0,94.3,6.2,114.3,apple
10.7,127.2,193.9,21.5,90.3,5.8,110.9,apple
23.2,121.4,204.9,23.8,94.1,6.4,104.1,apple
26.1,130.7,203.5,21.6,93.7,6.0,110.9,apple
42.2,131.7,195.1,23.7,89.8,6.1,115.7,apple
11.2,146.0,199.3,23.5,94.6,6.0,112.3,apple
9.2,124.2,199.5,22.9,89.8,5.6,121.0,apple
35.0,130.2,207.9,22.9,91.7,6.5,103.5,apple
18.8,131.9,202.6,21.7,93.6,5.6,109.5,apple
9.8,125.1,200.5,22.8,91.4,5.6,114.1,apple
32.7,130.5,198.8,23.3,94.3,5.5,112.5,apple
21.1,142.2,198.1,21.9,90.3,6.2,120.8,apple
8.8,141.4,202.4,21.5,92.2,6.1,109.5,apple
19.3,138.2,199.0,24.3,91.6,6.5,109.5,apple
6.2,143.7,203.3,21.9,95.0,5.8,121.8,apple
15.7,121.8,202.5,22.2,95.0,6.1,120.5,apple
27.7,125.1,195.4,23.6,93.9,6.3,119.7,apple
10.7,140.8,199.1,23.4,91.0,6.5,119.7,apple
30.2,128.7,197.7,22.0,91.9,6.0,106.7,apple
21.8,118.2,194.1,21.2,93.7,6.0,105.9,apple
8.9,116.5,203.7,23.4,89.4,6.3,115.7,apple
26.2,132.7,202.2,22.9,91.0,5.9,121.6,apple
8.0,145.5,200.3,23.1,91.2,6.2,107.0,apple
36.0,144.6,201.4,21.4,92.2,6.0,116.4,apple
35.8,142.0,202.4,21.4,90.7,6.4,109.6,apple
22.1,123.0,205.7,20.7,95.0,6.0,101.5,apple
1.8,129.8,202.3,22.3,92.6,6.3,118.7,apple
36.9,143.2,196.4,22.7,94.9,5.6,98.5,apple
15.2,138.4,198.2,23.2,92.9,6.3,104.9,apple
33.3,132.8,197.8,21.6,90.5,6.0,109.1,apple
24.2,137.3,196.6,22.2,89.8,6.5,103.7,apple
6.2,143.4,204.0,22.0,91.9,5.8,121.2,apple
1.0,133.4,199.6,21.7,92.8,5.6,109.9,apple
11.1,143.0,195.9,22.8,95.1,5.9,103.1,apple
15.7,129.5,196.6,21.7,93.0,6.6,117.3,apple
11.3,132.1,204.6,21.0,91.2,6.2,111.8,apple
33.1,144.1,205.1,22.9,94.5,6.4,112.0,apple
8.6,129.5,202.8,22.6,91.2,6.0,100.3,apple
27.6,118.5,200.1,22.1,93.6,5.8,107.2,apple
26.5,122.4,207.2,22.3,89.4,6.1,107.2,apple
2.8,129.1,201.1,23.3,89.8,6.6,107.5,apple
5.6,123.2,201.4,24.1,93.6,6.1,106.8,apple
16.6,126.6,198.9,22.0,94.5,6.5,116.9,apple
39.6,141.2,200.6,21.2,93.2,6.4,112.2,apple
15.5,120.4,202.5,21.3,91.7,6.0,125.5,apple
7.6,137.3,206.9,22.1,92.8,5.6,98.8,apple
1.0,142.1,196.3,22.0,94.0,6.0,115.7,apple
31.0,127.0,201.4,21.5,91.7,6.5,95.5,apple
27.9,127.9,202.2,20.8,96.4,6.2,98.6,apple
16.6,132.2,195.7,23.2,90.9,6.4,97.5,apple
25.3,131.4,201.9,22.7,93.9,6.5,91.2,apple
21.1,134.6,199.5,21.1,93.4,6.2,102.5,apple
5.0,141.8,198.4,21.2,93.4,6.3,98.3,apple
39.7,127.5,199.0,21.6,89.4,6.3,126.7,apple
24.9,130.1,199.4,22.6,94.3,5.8,128.9,apple
35.1,136.2,203.4,22.1,89.0,6.6,102.6,apple
4.0,133.6,205.0,21.8,90.0,6.2,104.1,apple
24.4,132.9,200.1,23.4,92.5,5.4,110.8,apple
20.0,131.8,204.8,20.3,91.9,5.7,110.3,apple
33.3,138.2,197.1,24.1,91.3,6.3,109.6,apple
39.2,142.0,208.3,22.5,92.5,5.8,111.4,apple
33.2,135.0,204.5,22.9,94.4,5.7,101.0,apple
21.0,135.0,195.6,21.2,91.6,6.5,115.0,apple
2.6,132.2,203.0,21.3,93.6,6.0,129.7,apple
0.0,142.5,196.6,22.3,94.3,6.5,119.4,apple
26.4,128.5,199.5,23.4,91.9,6.6,115.5,apple
39.3,140.8,206.4,22.4,93.9,6.3,113.1,apple
39.3,126.9,197.1,21.6,93.4,6.2,101.1,apple
21.0,127.8,199.1,21.8,90.6,5.6,112.2,apple
21.8,143.4,203.7,22.8,94.3,6.4,106.5,apple
6.2,132.3,199.4,22.3,92.7,5.7,101.7,apple
9.6,139.3,202.2,21.9,94.5,5.6,119.5,apple
13.9,122.1,200.2,22.8,89.5,6.1,111.2,apple
30.2,132.3,199.3,22.8,92.9,5.7,105.5,apple
28.6,127.4,201.9,22.4,93.7,5.7,120.4,apple
32.7,133.1,197.5,23.2,91.7,5.6,111.4,apple
2.1,128.9,200.4,21.3,89.8,6.2,105.5,apple
19.3,141.1,207.4,22.0,95.4,5.9,99.4,apple
11.3,139.9,202.1,21.8,88.6,5.8,106.3,apple
35.2,140.4,200.8,22.5,94.3,5.6,108.4,apple
0.7,128.6,204.3,22.0,93.1,5.9,110.4,apple
16.0,137.5,203.7,22.3,93.6,6.1,119.8,apple
16.6,130.5,206.1,20.8,92.2,6.5,121.7,apple
23.9,130.0,198.5,22.8,90.6,5.7,120.5,apple
15.5,125.7,201.4,23.5,92.0,5.8,118.0,apple
32.6,125.4,203.6,22.0,91.7,5.9,104.1,apple
18.8,30.1,5.5,27.5,91.5,7.0,117.2,orange
30.5,24.0,7.6,26.3,89.4,6.1,113.4,orange
28.3,15.0,11.1,31.3,91.9,6.7,111.0,orange
31.3,18.0,10.1,28.0,94.9,7.4,118.3,orange
17.5,26.7,9.4,15.6,94.2,6.8,121.3,orange
17.9,14.1,7.6,18.2,92.8,7.1,109.6,orange
14.9,10.3,10.9,27.8,92.6,6.8,121.8,orange
30.1,25.3,13.0,19.9,92.9,7.6,117.2,orange
21.0,6.5,6.0,15.7,93.1,7.1,103.4,orange
17.7,28.7,11.7,15.8,92.7,7.0,104.6,orange
28.0,19.2,9.3,32.5,92.4,6.3,102.1,orange
28.0,25.7,4.0,28.8,94.0,6.5,118.7,orange
24.8,14.8,12.0,18.6,91.3,7.0,110.3,orange
19.9,28.5,14.2,27.8,93.4,7.2,101.1,orange
23.0,25.8,3.6,29.9,89.7,7.9,109.3,orange
17.9,12.5,14.2,19.5,91.9,7.3,111.8,orange
20.4,18.0,7.4,16.9,92.9,6.5,108.1,orange
28.5,25.2,13.6,21.0,93.9,6.5,102.3,orange
39.2,15.5,11.2,21.8,94.5,7.0,101.1,orange
26.2,22.7,11.8,32.4,93.2,7.0,112.3,orange
31.5,17.0,16.6,15.9,92.1,7.0,106.5,orange
34.3,15.6,8.2,33.3,89.3,7.7,104.2,orange
37.5,11.7,11.2,14.2,93.8,6.9,108.1,orange
28.8,22.2,13.1,22.8,90.2,6.4,125.7,orange
21.6,26.5,13.4,20.3,94.2,7.6,112.9,orange
30.1,14.4,8.4,34.8,91.9,6.0,121.5,orange
15.1,15.2,13.8,30.0,93.1,6.2,104.9,orange
30.3,25.5,16.7,18.3,89.7,6.9,108.7,orange
18.6,21.5,9.0,26.6,92.4,6.8,122.0,orange
38.6,28.0,10.3,16.2,90.2,6.8,115.1,orange
35.5,18.8,4.2,34.6,91.5,6.7,111.9,orange
38.6,25.1,11.6,16.8,92.3,7.9,107.5,orange
18.1,23.7,12.5,20.4,91.9,7.6,112.4,orange
21.9,20.3,8.3,26.6,90.5,6.3,106.0,orange
24.8,29.3,10.1,30.6,90.7,6.7,104.1,orange
30.9,18.9,14.9,18.3,92.2,7.1,100.6,orange
15.6,18.8,12.6,31.8,93.5,6.8,113.9,orange
16.8,11.2,7.2,14.5,91.1,6.6,126.7,orange
27.3,32.9,7.5,31.2,93.1,6.1,103.8,orange
29.7,26.2,13.9,13.9,91.2,7.4,98.2,orange
19.5,24.8,10.8,17.7,92.8,7.2,113.8,orange
19.7,24.4,7.3,18.4,92.0,7.8,100.9,orange
20.5,9.8,20.4,21.6,91.4,6.5,115.9,orange
20.3,10.7,10.9,22.3,91.9,7.2,118.7,orange
33.5,15.4,12.0,23.3,93.4,7.5,104.7,orange
32.3,26.8,8.6,30.6,91.4,7.2,116.1,orange
30.9,9.1,10.7,19.7,93.5,6.9,108.4,orange
19.5,30.1,8.3,31.6,95.1,7.9,115.9,orange
15.2,18.7,12.2,27.8,93.7,6.8,121.2,orange
22.1,24.6,13.3,24.6,91.8,6.3,98.9,orange
30.0,27.7,11.4,21.1,91.1,7.2,107.9,orange
23.8,24.7,14.5,25.8,91.8,6.8,99.0,orange
20.3,22.7,16.4,34.7,94.0,7.6,93.8,orange
21.1,23.6,9.3,17.9,90.5,6.6,113.0,orange
37.3,24.3,7.7,16.6,91.1,7.1,110.3,orange
19.6,12.2,7.7,23.3,92.0,6.7,106.1,orange
21.7,9.9,9.9,31.3,95.1,6.8,101.4,orange
16.1,28.8,14.7,27.5,91.4,7.1,121.7,orange
30.4,23.1,12.7,27.9,92.8,6.2,100.2,orange
37.8,13.7,9.5,29.9,94.0,6.0,100.1,orange
24.1,21.3,12.1,15.2,91.4,7.9,110.2,orange
29.6,9.9,10.2,22.9,90.3,6.4,111.6,orange
24.7,15.4,11.4,29.6,94.2,6.5,106.7,orange
28.0,19.1,10.6,31.6,92.2,7.6,117.5,orange
27.8,11.7,9.0,26.6,88.5,7.4,106.9,orange
41.9,30.4,8.6,16.1,94.7,6.3,108.8,orange
33.8,14.9,11.1,28.7,94.9,6.7,121.6,orange
19.3,25.1,5.5,28.4,93.3,5.9,111.4,orange
30.4,28.3,12.9,27.1,90.4,6.5,125.3,orange
24.9,23.8,4.6,32.6,93.0,7.9,110.5,orange
15.1,15.4,15.3,23.0,95.6,6.3,109.5,orange
29.0,24.6,9.5,15.7,90.3,7.6,105.7,orange
35.4,12.3,14.5,27.1,94.8,6.1,106.0,orange
37.7,30.7,12.2,19.5,93.6,6.4,107.0,orange
33.6,15.1,15.5,26.9,93.1,7.3,110.2,orange
15.9,24.1,10.2,19.8,94.8,7.9,104.6,orange
26.3,11.8,8.1,19.6,93.3,8.0,103.0,orange
33.6,7.4,11.0,33.6,92.0,7.0,127.3,orange
34.3,22.5,11.6,26.6,93.0,6.2,109.3,orange
37.9,18.7,8.7,21.1,90.7,7.3,111.3,orange
31.3,27.3,10.4,26.5,92.1,7.3,109.3,orange
41.4,20.7,7.3,28.9,90.1,6.5,108.4,orange
31.2,22.1,5.9,14.6,95.4,7.6,125.0,orange
38.5,12.0,11.1,26.1,89.6,7.6,101.1,orange
19.3,22.2,16.7,21.9,92.3,7.5,103.2,orange
18.0,18.2,8.3,18.2,92.6,6.8,115.5,orange
22.1,13.3,10.0,17.9,94.6,7.3,108.4,orange
21.5,20.0,12.5,24.6,92.9,6.8,102.1,orange
15.7,16.9,11.4,22.1,89.9,6.9,118.3,orange
33.3,21.7,9.0,31.2,91.5,6.6,93.2,orange
23.5,22.6,13.7,13.6,91.5,7.7,108.5,orange
21.7,11.4,7.9,27.0,92.8,6.5,120.9,orange
24.2,18.5,7.9,20.9,94.2,7.3,118.3,orange
41.2,16.7,11.4,15.4,91.1,7.5,105.0,orange
35.0,19.4,9.0,15.5,94.4,6.1,119.1,orange
32.3,13.4,7.2,34.1,93.9,6.3,120.0,orange
24.5,12.0,7.5,23.9,91.5,7.8,106.7,orange
28.8,27.2,13.0,26.2,89.8,7.4,96.2,orange
24.8,23.8,10.5,23.0,95.0,6.9,104.2,orange
26.0,22.4,10.1,34.1,93.2,6.2,98.8,orange
44.9,64.4,40.6,30.0,93.5,6.6,89.5,papaya
56.2,60.2,52.0,43.0,92.2,6.9,79.3,papaya
45.2,58.5,51.9,37.0,95.1,6.7,85.1,papaya
59.4,58.6,42.0,33.5,91.0,7.1,158.4,papaya
53.3,67.8,49.8,36.4,92.3,6.9,189.1,papaya
56.1,53.7,54.1,39.0,91.6,6.5,204.5,papaya
34.1,68.5,48.9,31.4,95.1,6.6,201.7,papaya
57.4,55.5,49.4,23.6,90.7,6.8,45.5,papaya
50.2,66.8,52.0,42.2,93.4,6.6,47.1,papaya
39.6,54.3,48.7,33.3,92.8,6.5,90.9,papaya
40.8,52.6,49.7,35.4,92.2,6.8,104.7,papaya
48.4,70.5,49.3,24.3,90.6,6.7,191.7,papaya
61.3,48.1,46.9,32.8,95.4,6.6,61.5,papaya
65.0,59.8,45.8,33.3,95.2,6.6,238.9,papaya
44.0,44.6,50.4,27.6,92.6,6.9,107.6,papaya
52.1,55.6,53.1,26.9,91.2,6.4,78.4,papaya
37.0,72.0,49.3,35.9,90.3,6.6,61.1,papaya
47.5,66.1,51.7,42.4,92.8,6.7,215.7,papaya
64.0,55.4,44.9,31.7,97.1,6.7,145.3,papaya
45.6,47.4,41.7,36.6,90.3,6.7,244.6,papaya
36.7,59.1,51.0,36.0,93.6,6.8,66.6,papaya
47.1,67.5,56.1,38.1,93.5,6.9,101.1,papaya
35.0,52.7,51.2,39.8,90.3,7.0,105.4,papaya
58.9,61.2,51.5,37.7,94.5,6.5,88.8,papaya
61.1,46.2,50.8,34.7,93.0,6.9,146.8,papaya
45.1,47.5,51.0,43.7,88.1,6.7,119.8,papaya
43.5,66.6,42.6,40.9,90.2,7.0,159.3,papaya
50.9,51.3,48.8,40.9,90.8,6.8,158.9,papaya
34.0,56.3,52.6,28.4,94.1,6.7,134.6,papaya
62.0,54.8,47.8,31.9,91.2,6.8,83.9,papaya
69.9,41.5,52.6,42.9,92.5,6.9,229.9,papaya
55.4,61.7,53.5,42.5,89.6,6.7,60.9,papaya
52.2,61.1,51.8,39.3,90.9,6.6,52.1,papaya
55.1,48.0,44.8,31.4,90.2,7.0,182.6,papaya
38.0,65.5,51.4,28.9,89.9,6.4,141.0,papaya
40.9,55.5,45.9,30.0,94.2,6.7,172.4,papaya
35.1,48.7,52.9,37.0,92.8,6.6,83.5,papaya
65.1,52.8,46.6,38.4,92.9,6.6,179.4,papaya
51.7,55.5,47.7,24.6,92.3,6.7,163.4,papaya
54.7,56.9,44.5,28.3,90.8,7.0,179.0,papaya
42.2,51.8,56.1,40.4,90.0,6.9,216.3,papaya
39.9,69.8,48.8,30.6,92.8,6.7,145.1,papaya
50.2,57.2,47.2,25.6,94.5,6.9,173.9,papaya
53.1,60.4,52.0,41.4,93.9,6.5,92.4,papaya
46.6,46.9,47.9,38.9,94.0,7.0,101.2,papaya
56.9,62.9,54.3,36.5,92.1,6.5,222.4,papaya
68.1,46.0,52.5,38.2,91.2,6.8,184.8,papaya
61.6,69.5,52.5,35.3,93.6,6.7,221.9,papaya
34.3,70.4,51.1,34.7,91.7,6.9,95.4,papaya
44.6,51.1,52.5,23.6,89.6,6.8,218.4,papaya
49.7,68.3,46.4,29.5,94.0,6.6,215.1,papaya
61.7,63.1,51.2,41.0,91.0,6.8,99.0,papaya
51.7,63.7,48.2,28.3,92.5,6.8,49.5,papaya
45.4,57.4,50.0,34.2,90.8,6.7,75.4,papaya
56.6,45.6,50.4,30.9,93.3,7.0,190.2,papaya
66.5,63.2,47.0,27.8,95.6,6.7,165.6,papaya
44.3,49.7,53.7,28.3,92.3,6.9,124.1,papaya
42.1,56.6,56.3,41.3,91.9,6.9,219.1,papaya
49.4,65.0,45.2,41.5,94.9,6.7,194.4,papaya
53.6,55.6,55.4,37.0,93.2,6.5,161.0,papaya
62.2,62.3,44.0,26.2,93.4,6.5,73.4,papaya
61.7,54.7,50.2,24.2,94.7,6.5,181.6,papaya
41.8,67.8,52.5,27.5,92.6,6.6,156.0,papaya
53.0,53.7,51.8,31.5,89.7,7.0,233.2,papaya
51.8,67.0,50.2,41.7,94.3,6.6,40.1,papaya
53.3,52.8,50.7,31.8,90.0,6.4,70.3,papaya
61.7,69.2,44.6,38.1,91.5,6.6,141.7,papaya
46.4,66.5,52.5,40.6,90.3,7.1,91.4,papaya
41.5,67.2,53.5,31.4,94.2,7.0,61.4,papaya
38.1,58.7,47.1,35.0,93.6,6.4,215.6,papaya
44.2,57.8,44.8,32.1,92.8,6.6,97.8,papaya
60.5,47.1,49.0,33.2,89.8,7.0,115.3,papaya
64.9,52.1,56.1,27.3,90.8,6.6,85.5,papaya
43.2,55.4,43.8,42.0,91.0,6.8,211.9,papaya
46.6,47.7,51.9,33.4,89.8,6.8,109.7,papaya
68.5,63.5,44.4,38.6,92.9,6.5,109.2,papaya
58.0,52.8,52.9,24.0,95.1,6.9,206.5,papaya
51.6,54.2,56.1,31.2,90.7,6.7,224.3,papaya
52.1,59.3,47.9,32.0,88.8,7.1,167.3,papaya
65.4,46.2,51.2,34.4,90.6,6.6,238.3,papaya
56.9,51.0,45.5,34.3,88.5,6.6,80.8,papaya
43.1,69.7,56.2,43.4,92.8,6.9,78.1,papaya
45.4,43.5,52.8,24.7,92.6,6.7,98.5,papaya
42.5,68.8,47.0,42.9,93.2,6.6,157.9,papaya
61.1,54.2,49.9,35.9,91.1,6.7,130.4,papaya
70.7,42.9,48.7,40.3,94.1,7.1,231.6,papaya
50.7,51.8,50.5,40.6,90.5,6.6,123.8,papaya
34.8,66.7,51.9,40.4,92.7,6.8,84.8,papaya
53.6,50.0,47.6,31.2,93.4,6.6,237.7,papaya
36.4,53.1,52.4,26.3,92.4,6.6,65.4,papaya
42.1,57.6,52.3,28.5,89.3,6.8,184.2,papaya
44.1,45.1,46.2,34.6,90.8,7.3,188.0,papaya
47.9,51.2,53.6,26.4,95.7,6.9,206.4,papaya
40.6,61.1,45.9,35.2,93.9,7.0,58.0,papaya
50.0,59.9,45.5,40.7,92.6,6.6,228.2,papaya
53.9,65.5,47.1,40.1,95.4,6.8,211.6,papaya
59.8,68.2,48.3,24.4,92.1,7.0,88.2,papaya
65.2,61.1,49.1,40.0,92.7,7.0,124.2,papaya
49.4,55.9,53.7,40.9,95.6,6.6,224.3,papaya
38.1,64.1,53.9,41.9,94.8,6.7,62.7,papaya
36.3,19.0,27.5,25.7,100.0,5.6,216.8,coconut
22.3,21.1,29.0,26.4,92.9,5.8,162.5,coconut
28.9,28.5,33.6,25.4,96.2,6.4,203.5,coconut
21.6,27.3,23.9,26.3,96.7,6.2,161.9,coconut
25.4,11.7,25.2,25.3,95.6,6.1,175.0,coconut
37.6,14.3,27.5,25.6,91.7,6.4,184.4,coconut
14.2,16.7,33.3,27.3,92.4,5.7,178.7,coconut
16.7,15.9,29.5,27.9,98.4,5.9,150.3,coconut
29.4,30.2,30.6,27.7,95.3,6.4,121.7,coconut
21.9,26.4,29.4,26.9,97.1,5.6,175.9,coconut
24.3,22.0,30.1,28.7,91.6,5.8,155.8,coconut
16.2,16.0,28.1,25.3,98.0,6.3,165.0,coconut
22.6,20.4,25.3,26.7,93.8,5.7,154.4,coconut
22.2,19.9,37.2,28.2,92.8,6.2,205.0,coconut
21.2,25.5,34.6,25.3,98.8,5.7,173.2,coconut
28.0,20.1,32.2,24.5,93.8,6.0,205.5,coconut
28.1,9.7,27.9,26.9,92.2,6.1,175.2,coconut
39.4,25.0,31.7,28.7,88.8,6.1,182.2,coconut
30.0,19.7,33.1,26.9,91.1,6.3,174.2,coconut
19.3,26.2,25.0,27.7,99.3,6.1,223.4,coconut
24.1,28.9,28.6,28.5,93.9,5.7,184.7,coconut
30.3,14.5,34.7,25.5,91.1,6.0,199.4,coconut
28.3,12.2,27.9,25.5,95.7,6.2,199.5,coconut
31.4,20.2,26.1,26.7,97.6,6.0,171.3,coconut
32.7,33.2,24.9,25.1,96.7,6.3,203.2,coconut
13.2,15.8,29.2,26.1,93.1,5.9,209.4,coconut
33.9,14.3,29.5,26.2,96.5,6.1,202.2,coconut
21.2,27.0,27.8,27.5,99.1,5.5,174.1,coconut
35.0,21.8,38.6,27.4,93.6,6.1,145.0,coconut
14.2,23.7,31.3,27.5,99.0,5.7,134.4,coconut
37.7,23.5,32.3,26.3,98.8,6.0,194.8,coconut
32.7,24.4,26.7,24.1,98.3,5.7,210.8,coconut
29.3,18.6,24.6,27.5,95.6,6.1,144.0,coconut
16.4,22.3,28.2,25.1,95.0,6.2,161.5,coconut
25.4,15.1,32.4,26.6,95.6,5.9,132.2,coconut
32.9,9.8,33.2,27.6,95.9,5.6,172.1,coconut
19.9,15.4,29.4,27.5,92.3,6.3,182.0,coconut
22.4,19.6,23.7,26.9,98.2,6.1,186.4,coconut
22.5,25.5,33.2,24.9,90.3,6.1,173.4,coconut
29.1,10.9,33.4,26.2,93.1,6.5,164.3,coconut
29.9,22.6,31.2,25.9,95.2,5.7,151.3,coconut
28.6,16.7,28.0,26.9,95.2,6.1,176.5,coconut
19.8,25.4,23.5,26.4,100.0,5.9,169.9,coconut
21.9,15.8,31.6,26.5,97.5,6.1,189.3,coconut
29.8,23.8,26.5,27.9,90.1,6.2,214.6,coconut
13.3,15.8,29.9,25.6,97.3,6.4,178.0,coconut
24.0,32.2,25.2,26.8,88.6,5.4,163.2,coconut
27.8,29.2,31.0,25.8,93.1,5.6,189.5,coconut
24.6,25.6,31.4,28.7,89.2,5.5,144.2,coconut
18.9,19.7,26.3,26.8,93.7,6.4,181.8,coconut
23.7,19.7,27.4,26.5,96.1,5.6,129.1,coconut
30.0,23.3,28.9,27.0,97.3,5.8,183.8,coconut
16.9,20.6,34.6,26.8,90.1,5.8,178.6,coconut
17.7,19.4,32.0,27.0,90.7,6.4,200.7,coconut
29.3,21.0,32.6,27.4,92.3,6.1,217.2,coconut
25.8,14.3,36.9,27.8,93.4,5.9,161.4,coconut
19.8,19.7,25.4,27.1,91.1,6.4,203.3,coconut
18.6,25.3,33.2,27.6,92.4,5.6,215.2,coconut
28.1,27.8,33.2,26.5,100.0,5.4,140.8,coconut
24.1,16.7,35.6,27.5,90.9,6.2,145.1,coconut
23.4,24.4,31.7,27.4,94.7,6.0,143.9,coconut
30.0,21.7,32.3,25.9,98.7,6.5,188.5,coconut
27.2,20.7,26.5,28.0,91.9,5.7,173.4,coconut
32.1,18.6,24.4,27.3,97.1,5.7,206.7,coconut
22.4,25.9,36.7,27.5,91.8,5.9,154.0,coconut
28.3,13.3,27.7,26.8,98.0,6.1,189.0,coconut
29.9,23.4,34.6,26.7,92.5,6.5,173.5,coconut
33.4,30.9,25.0,27.8,97.9,5.6,171.5,coconut
19.6,8.9,34.9,25.4,90.6,5.8,163.0,coconut
29.5,16.1,29.1,27.3,96.5,6.3,149.7,coconut
38.3,18.9,33.4,24.7,100.0,6.1,212.3,coconut
36.6,24.6,28.7,26.8,97.1,6.1,210.5,coconut
16.8,16.4,32.2,26.8,99.2,5.9,211.1,coconut
20.4,25.1,31.8,24.6,96.5,6.3,143.1,coconut
35.0,26.2,23.8,25.0,96.7,5.8,133.5,coconut
17.7,20.6,32.7,25.0,90.8,5.8,197.0,coconut
33.1,9.2,25.6,24.1,90.0,5.8,136.9,coconut
15.0,16.9,28.0,25.8,91.6,6.3,142.8,coconut
32.3,20.5,29.3,25.6,95.7,5.9,205.2,coconut
28.1,18.9,33.0,26.1,96.6,6.2,156.6,coconut
33.2,16.4,26.0,25.1,97.8,5.9,200.3,coconut
19.8,22.7,32.6,27.0,97.5,5.9,218.7,coconut
39.7,27.3,29.2,26.6,96.9,5.8,164.7,coconut
33.8,10.4,31.4,26.2,91.5,5.8,198.7,coconut
19.5,23.0,24.9,26.5,97.0,6.2,186.2,coconut
19.8,18.2,27.1,25.8,92.0,6.2,149.5,coconut
31.5,19.2,30.7,26.8,97.7,6.5,133.8,coconut
20.8,25.2,28.3,26.6,96.8,5.9,132.6,coconut
39.5,12.8,25.3,25.0,93.4,6.0,146.9,coconut
40.8,17.4,35.3,25.5,91.1,6.1,142.6,coconut
34.0,26.8,25.5,27.0,94.8,5.6,171.4,coconut
36.9,25.6,20.5,27.7,92.0,6.1,194.5,coconut
38.6,11.8,31.1,26.1,90.6,5.4,136.8,coconut
15.1,20.4,28.1,25.1,91.9,6.3,161.2,coconut
35.2,10.6,35.4,25.7,99.3,6.4,167.4,coconut
21.3,25.2,24.6,26.2,91.2,6.3,158.3,coconut
20.2,20.6,35.0,27.3,98.0,5.8,210.1,coconut
25.3,16.1,29.9,26.2,97.1,5.7,161.5,coconut
19.0,21.0,29.6,27.1,95.9,6.4,211.7,coconut
26.1,30.0,26.0,26.8,96.3,6.3,173.3,coconut
125.0,40.2,25.4,22.5,80.7,7.4,92.5,cotton
125.5,48.8,17.0,22.5,84.2,7.8,76.8,cotton
125.2,47.7,26.2,24.7,81.6,6.8,63.7,cotton
118.8,53.6,18.9,22.3,85.6,6.6,65.8,cotton
107.8,47.9,21.5,24.8,79.5,6.9,64.8,cotton
135.0,47.9,16.4,23.4,78.1,6.8,77.2,cotton
111.3,48.4,16.9,24.8,82.3,6.1,69.3,cotton
140.9,37.0,15.5,24.0,77.3,6.1,85.8,cotton
124.0,60.0,18.2,23.4,79.2,7.4,82.3,cotton
143.8,46.5,14.9,21.9,75.0,6.5,88.2,cotton
137.3,47.7,17.9,25.5,78.3,7.6,67.4,cotton
138.0,50.7,26.3,26.2,85.4,7.9,70.3,cotton
120.0,56.9,16.2,24.8,83.5,6.5,69.0,cotton
128.3,60.4,17.5,22.1,75.9,7.8,85.0,cotton
113.1,51.2,12.9,25.7,81.0,7.2,76.3,cotton
141.2,44.0,17.6,26.0,78.2,6.5,82.6,cotton
116.3,56.3,18.1,21.9,78.5,7.4,82.2,cotton
129.4,52.1,23.6,25.7,78.6,6.8,82.8,cotton
112.5,47.4,14.9,22.1,80.7,7.7,73.5,cotton
126.8,44.7,16.7,24.7,80.1,6.6,60.6,cotton
120.1,38.8,26.0,23.5,81.9,7.8,62.4,cotton
141.1,51.9,22.8,21.8,74.3,6.8,77.7,cotton
139.0,52.7,24.6,22.7,80.2,6.0,81.1,cotton
141.5,57.4,21.5,25.0,77.7,6.6,77.3,cotton
126.4,38.1,18.7,24.5,82.5,6.4,82.8,cotton
133.0,61.9,21.2,22.3,75.2,7.8,68.5,cotton
129.7,45.4,20.3,24.6,82.1,6.6,62.4,cotton
111.9,33.4,20.7,23.1,75.7,7.4,92.0,cotton
113.1,39.7,17.3,23.6,77.6,7.0,79.0,cotton
111.0,55.5,23.2,25.3,80.1,6.5,69.0,cotton
140.1,59.6,26.4,24.8,85.0,6.4,72.3,cotton
123.4,59.6,20.2,24.0,78.0,7.2,63.7,cotton
134.8,51.6,20.1,24.0,77.1,6.6,76.4,cotton
122.9,47.9,25.2,23.8,78.0,6.3,80.0,cotton
120.2,44.6,17.7,23.3,76.1,6.1,75.3,cotton
138.4,42.3,18.5,24.7,84.2,7.5,70.0,cotton
132.0,59.1,17.4,24.5,81.1,7.3,65.1,cotton
125.8,42.5,21.9,26.0,76.2,7.8,82.9,cotton
121.3,36.2,23.7,21.6,77.4,5.7,96.8,cotton
111.3,47.7,17.7,22.6,77.1,6.7,65.0,cotton
131.4,45.0,20.9,24.9,80.0,6.7,68.5,cotton
136.3,53.4,20.3,24.6,83.5,7.6,72.9,cotton
126.2,54.5,18.2,25.9,80.7,6.7,69.6,cotton
131.4,49.7,23.2,26.9,82.6,6.8,60.7,cotton
119.9,57.5,19.4,22.8,82.1,7.6,61.5,cotton
110.1,49.8,13.8,23.4,80.9,7.4,81.5,cotton
129.5,45.2,17.6,22.7,79.9,7.4,67.4,cotton
132.3,52.8,15.4,22.2,82.3,6.5,76.5,cotton
125.0,37.3,25.2,22.5,81.6,6.2,81.6,cotton
126.5,35.5,23.0,22.8,82.7,7.8,89.8,cotton
119.0,52.4,22.1,22.3,84.4,6.6,83.7,cotton
133.7,39.4,19.1,23.0,77.7,6.2,80.2,cotton
121.4,50.6,23.7,24.9,77.6,7.1,77.3,cotton
136.5,54.6,20.7,21.9,82.9,7.8,62.8,cotton
119.6,39.1,26.2,21.6,78.3,8.0,88.3,cotton
131.9,41.1,24.4,21.9,84.1,7.2,71.9,cotton
130.3,60.7,16.1,26.3,79.8,7.3,89.2,cotton
109.2,58.8,13.8,23.8,73.4,6.1,76.3,cotton
118.6,42.6,22.9,23.5,79.2,8.1,76.6,cotton
114.9,50.4,22.2,22.7,79.0,7.6,87.6,cotton
127.5,33.2,21.9,25.7,82.5,7.8,80.1,cotton
136.5,39.0,19.5,24.3,75.1,6.0,60.9,cotton
115.8,44.2,25.5,22.0,79.0,6.8,75.5,cotton
138.8,43.5,18.1,21.6,82.5,6.1,69.8,cotton
112.4,37.9,24.0,21.0,83.2,6.0,70.3,cotton
132.5,48.8,20.8,23.0,77.2,7.1,87.8,cotton
118.1,52.1,20.4,25.7,79.4,7.6,87.8,cotton
118.5,38.4,24.8,22.6,78.5,7.3,86.9,cotton
125.7,56.3,15.3,22.1,81.7,6.3,79.4,cotton
133.0,49.4,17.1,23.3,77.9,7.7,72.5,cotton
111.6,51.5,24.2,26.1,79.0,6.4,78.0,cotton
133.9,41.3,18.3,23.9,76.4,6.3,61.4,cotton
118.2,56.3,22.3,25.4,86.5,8.0,75.5,cotton
137.1,51.8,18.6,22.7,75.5,8.0,76.4,cotton
111.9,41.5,18.0,25.4,75.8,7.9,78.2,cotton
117.7,57.0,18.9,22.2,76.6,6.0,62.4,cotton
117.4,53.2,18.9,25.0,78.6,7.7,74.4,cotton
122.5,36.6,19.8,25.6,84.2,7.1,72.1,cotton
124.1,44.3,21.1,25.1,81.9,6.4,71.2,cotton
127.2,47.6,19.2,23.5,83.8,6.7,76.2,cotton
137.7,44.5,18.2,23.2,83.1,7.1,88.9,cotton
112.8,47.8,18.1,22.7,84.7,7.8,81.3,cotton
112.4,41.2,17.3,25.8,82.5,7.2,79.1,cotton
123.4,40.7,20.3,26.2,79.6,8.0,73.4,cotton
127.2,52.2,19.2,25.4,81.7,7.5,83.2,cotton
128.2,42.0,21.5,25.4,79.5,7.0,65.1,cotton
107.7,35.1,19.3,22.4,81.1,7.3,82.1,cotton
117.7,45.9,15.5,25.0,83.0,6.0,74.5,cotton
131.0,38.7,21.9,24.5,74.4,6.8,67.5,cotton
122.3,47.9,26.2,22.6,76.4,7.9,90.6,cotton
112.2,42.3,19.9,24.5,76.5,6.9,65.1,cotton
124.9,42.6,16.6,22.8,83.9,5.8,66.3,cotton
118.5,46.2,18.0,22.3,77.7,7.5,67.8,cotton
117.1,60.2,18.2,23.0,82.6,6.8,80.9,cotton
114.6,40.7,21.7,24.5,75.8,6.7,71.0,cotton
115.4,52.0,18.1,24.2,77.2,7.5,67.6,cotton
130.1,56.4,22.3,23.7,77.5,7.7,81.4,cotton
136.4,43.1,15.9,23.7,86.3,6.5,86.0,cotton
114.1,38.5,21.3,23.0,77.7,7.6,90.9,cotton
119.5,46.1,18.8,24.6,85.1,7.0,72.2,cotton
73.3,40.1,39.4,24.7,72.3,7.5,161.8,jute
63.0,45.4,37.5,23.8,79.9,6.6,189.9,jute
75.3,43.8,35.4,23.5,83.1,7.5,192.0,jute
70.1,41.7,40.6,25.3,73.6,6.4,162.5,jute
76.7,40.7,39.7,23.3,87.5,6.2,170.8,jute
71.2,35.2,41.2,24.0,89.3,7.0,175.9,jute
90.0,57.2,39.7,26.7,74.0,6.2,183.5,jute
73.1,48.2,41.1,23.8,84.3,7.0,176.7,jute
86.2,56.7,46.2,23.2,74.1,6.3,174.6,jute
84.0,55.5,42.8,26.0,78.7,7.2,173.3,jute
75.3,54.5,38.6,24.1,90.6,6.5,196.0,jute
87.6,45.5,39.8,24.9,82.2,6.7,175.9,jute
90.1,56.3,47.4,24.3,82.5,6.2,157.1,jute
61.3,43.9,35.7,23.8,70.8,6.4,163.7,jute
71.0,56.8,38.0,26.1,82.7,6.4,184.0,jute
73.6,54.8,43.1,23.5,72.1,6.9,162.7,jute
61.3,50.7,40.3,24.8,80.2,6.1,165.3,jute
80.8,40.9,35.1,22.5,76.9,6.4,147.0,jute
91.6,53.2,39.2,24.0,89.2,7.1,192.6,jute
90.3,45.4,38.5,23.4,82.0,7.3,187.9,jute
68.8,36.6,43.5,24.4,76.7,7.3,184.6,jute
69.8,46.1,42.4,24.0,81.0,6.7,149.5,jute
70.7,39.6,36.7,25.1,82.5,7.2,156.8,jute
66.8,57.0,37.3,24.9,74.2,6.7,149.0,jute
65.8,39.9,42.8,25.0,71.7,7.1,168.5,jute
84.8,36.4,37.9,24.0,74.6,6.1,160.8,jute
87.9,50.2,41.5,23.7,74.5,6.8,150.0,jute
69.0,58.3,48.6,25.9,84.2,6.6,179.4,jute
63.9,33.4,46.4,25.3,83.7,7.1,164.3,jute
72.8,49.1,35.8,25.3,81.3,7.0,194.7,jute
76.1,42.9,42.2,24.5,82.9,6.2,187.7,jute
78.9,56.8,37.6,23.7,75.1,6.3,171.1,jute
64.2,51.7,46.1,24.0,76.5,6.7,194.5,jute
73.5,59.8,38.7,25.8,72.5,7.2,179.6,jute
67.2,58.0,42.2,26.3,87.2,7.4,199.6,jute
81.7,51.8,35.7,24.2,83.3,7.4,172.6,jute
77.6,40.6,39.5,22.6,77.2,6.2,170.2,jute
85.8,47.9,33.6,25.6,72.1,7.0,177.5,jute
79.5,41.0,38.2,23.3,84.7,6.6,184.3,jute
87.7,37.0,43.1,23.6,87.1,6.7,183.2,jute
68.7,46.3,35.8,22.9,86.7,7.1,172.2,jute
57.3,54.4,39.5,25.2,79.6,6.6,186.1,jute
67.9,49.1,38.3,22.6,80.9,6.3,198.9,jute
64.0,40.4,34.4,24.9,84.9,6.2,172.3,jute
58.6,52.1,37.2,23.5,71.8,6.6,135.4,jute
76.7,52.2,42.2,24.5,87.9,7.4,149.0,jute
87.6,56.0,43.3,24.6,85.3,6.3,202.5,jute
71.7,46.4,37.2,25.6,74.1,6.3,193.4,jute
67.6,45.4,42.3,22.6,71.1,7.3,182.0,jute
62.1,51.3,45.9,24.2,74.0,6.4,173.9,jute
58.3,36.4,39.6,23.8,83.0,7.4,157.0,jute
77.0,48.6,40.6,23.8,80.0,7.0,163.5,jute
80.9,52.4,40.6,24.7,69.4,6.6,192.5,jute
71.5,40.0,42.9,24.0,72.3,6.4,162.5,jute
60.8,50.7,38.5,24.9,80.3,6.8,149.1,jute
79.4,51.0,45.3,24.6,74.3,6.6,182.4,jute
67.0,52.7,39.4,23.5,89.4,7.1,156.2,jute
81.3,46.6,43.6,23.4,81.2,6.7,184.6,jute
74.0,52.3,42.1,25.0,70.4,7.5,186.3,jute
64.5,40.8,38.1,22.9,84.8,6.2,176.9,jute
78.8,42.7,35.8,23.5,80.3,6.8,172.3,jute
77.2,53.1,38.7,22.4,84.7,6.0,154.7,jute
83.3,48.6,38.3,23.7,73.9,7.3,182.9,jute
76.1,58.0,29.9,23.5,86.5,6.1,188.4,jute
67.2,39.1,34.6,23.1,84.2,7.2,183.6,jute
69.8,44.6,42.0,22.4,89.3,7.4,173.2,jute
75.6,41.1,44.6,24.6,79.8,6.4,154.7,jute
65.6,54.5,41.3,24.0,73.7,6.9,173.9,jute
82.2,59.2,45.1,24.8,86.5,7.1,185.3,jute
83.4,59.2,40.1,25.2,84.5,7.3,175.4,jute
90.7,61.3,44.6,25.2,76.7,6.7,162.8,jute
77.4,48.0,38.3,24.1,75.7,6.8,167.2,jute
60.9,41.8,41.8,23.2,88.2,7.3,159.1,jute
65.5,50.5,42.9,25.7,73.9,6.7,166.6,jute
77.7,49.6,38.6,25.5,73.7,7.1,192.1,jute
72.7,45.2,41.4,26.4,76.5,7.2,156.8,jute
72.6,53.7,36.2,24.1,82.6,6.6,201.0,jute
75.6,38.5,34.4,23.8,78.6,6.8,201.8,jute
67.1,46.3,42.6,24.9,75.7,6.4,181.0,jute
76.9,36.1,38.5,24.1,81.6,6.1,197.0,jute
61.4,49.6,45.3,25.5,74.1,7.3,176.6,jute
84.9,55.4,38.2,24.7,79.1,6.2,175.6,jute
85.2,46.8,38.1,24.8,81.0,6.5,158.9,jute
65.5,55.8,33.5,25.0,79.1,6.4,178.6,jute
64.7,53.6,36.9,26.6,73.6,6.2,179.1,jute
86.0,56.5,43.0,25.3,71.5,6.4,193.8,jute
66.6,52.6,37.7,24.3,71.0,7.5,170.5,jute
61.3,52.5,37.7,23.7,78.0,7.6,169.4,jute
62.6,47.9,41.0,24.5,73.1,6.7,172.1,jute
60.5,53.3,43.3,25.7,88.5,7.1,162.2,jute
61.5,51.3,45.6,24.3,73.1,6.0,164.7,jute
81.0,60.6,38.3,26.0,82.8,6.1,150.1,jute
77.6,48.9,35.5,25.4,88.1,6.6,189.4,jute
62.1,58.5,42.7,24.1,78.6,6.4,187.8,jute
69.4,38.8,46.3,23.9,76.9,7.4,185.9,jute
67.2,51.5,38.9,24.3,72.7,6.3,168.5,jute
88.1,54.6,41.2,25.1,87.6,6.6,158.3,jute
74.5,34.7,36.8,23.3,87.8,6.8,160.2,jute
84.4,58.8,46.5,25.0,74.9,7.4,177.7,jute
74.1,38.4,45.7,24.2,90.0,7.3,194.8,jute
86.4,31.9,25.3,25.6,68.9,6.0,136.3,coffee
101.5,19.5,29.6,25.1,51.4,6.0,151.1,coffee
111.5,18.6,23.7,25.3,68.5,5.9,187.4,coffee
100.8,34.0,26.8,25.3,50.9,6.6,169.9,coffee
113.4,31.5,31.5,25.9,62.6,7.4,148.7,coffee
88.9,20.5,26.0,26.4,59.0,6.7,181.5,coffee
84.8,19.0,30.1,23.7,71.2,7.2,178.5,coffee
103.4,33.4,25.7,27.5,57.7,6.9,160.8,coffee
94.4,17.5,27.2,28.2,58.2,6.4,127.5,coffee
88.4,27.3,27.4,24.8,66.0,6.6,151.4,coffee
103.2,15.6,28.6,24.1,48.1,7.5,120.6,coffee
111.3,22.0,38.2,23.1,58.3,6.4,167.5,coffee
110.4,21.0,28.8,25.9,62.8,7.1,145.4,coffee
105.0,29.7,30.4,25.7,67.3,6.3,124.2,coffee
98.9,17.1,32.4,27.6,52.6,7.0,173.7,coffee
103.2,30.1,24.5,26.9,66.7,6.0,191.4,coffee
111.7,22.2,32.7,24.4,51.3,7.0,163.5,coffee
118.7,17.4,23.1,23.5,67.2,6.7,122.1,coffee
81.6,22.5,29.7,23.5,65.5,7.4,143.7,coffee
94.7,21.3,29.2,25.1,57.5,6.6,133.5,coffee
101.3,20.4,27.0,26.1,53.5,6.1,151.6,coffee
99.0,15.6,32.3,24.7,57.0,6.2,170.6,coffee
92.2,27.6,34.2,26.5,60.1,6.9,155.7,coffee
106.9,27.1,27.6,26.9,52.0,6.3,152.3,coffee
96.7,30.5,25.4,23.3,62.9,7.4,134.2,coffee
93.5,19.0,33.2,24.2,61.7,6.1,137.6,coffee
89.6,22.8,29.1,23.4,59.9,6.2,133.4,coffee
104.4,15.7,30.8,24.7,66.8,7.1,175.3,coffee
108.8,30.7,29.6,26.6,64.6,6.6,122.0,coffee
93.2,33.8,24.5,26.2,65.8,7.5,124.6,coffee
119.1,20.0,28.4,27.9,58.5,6.6,145.3,coffee
90.6,21.0,25.9,25.9,57.7,7.0,144.3,coffee
113.6,33.3,26.3,25.4,59.4,6.4,158.0,coffee
122.1,15.8,30.9,26.6,65.9,7.2,177.8,coffee
104.5,31.8,29.4,24.4,65.2,6.1,191.0,coffee
113.8,33.7,27.7,24.9,52.2,6.3,192.8,coffee
82.5,13.7,26.3,25.7,57.7,7.1,188.5,coffee
116.5,27.1,37.8,25.9,53.3,7.1,183.2,coffee
103.3,31.6,25.8,26.2,68.0,6.1,160.6,coffee
96.6,25.7,33.2,26.3,59.6,6.7,131.6,coffee
118.7,23.9,32.5,27.5,50.3,7.3,164.0,coffee
84.4,28.5,27.9,23.5,62.4,7.0,125.9,coffee
99.5,21.1,25.7,25.0,58.7,6.2,127.4,coffee
102.3,30.4,24.3,26.8,58.9,6.8,151.5,coffee
117.4,28.5,24.8,25.1,63.6,6.6,125.4,coffee
100.3,27.6,31.1,26.7,66.5,6.8,195.7,coffee
82.3,32.9,28.7,23.9,57.0,6.6,196.8,coffee
107.3,20.3,25.0,27.0,52.3,7.4,184.3,coffee
97.1,23.2,30.4,23.7,63.0,6.9,158.6,coffee
89.0,20.2,28.9,25.0,52.9,7.2,188.9,coffee
89.2,20.2,26.5,25.7,54.9,6.6,120.3,coffee
87.2,33.1,31.3,24.8,53.8,6.8,123.6,coffee
112.5,20.8,30.8,26.0,67.5,7.0,144.8,coffee
108.1,27.3,27.6,23.2,57.4,6.2,152.2,coffee
82.7,27.7,29.1,23.5,58.4,5.9,173.2,coffee
97.2,33.4,25.4,23.8,61.1,6.3,197.3,coffee
77.7,28.7,31.1,26.2,60.3,6.5,181.0,coffee
116.8,22.3,27.8,23.6,58.9,6.4,170.8,coffee
88.1,15.7,28.3,23.4,66.8,6.2,135.5,coffee
113.5,25.7,31.7,27.4,56.9,6.6,130.4,coffee
102.8,32.5,26.1,23.7,59.7,7.3,136.1,coffee
100.0,21.4,27.0,21.8,69.0,6.2,188.9,coffee
83.8,36.0,29.7,26.0,67.6,6.1,123.1,coffee
106.3,32.2,30.0,26.8,66.5,6.5,165.2,coffee
93.3,19.9,31.5,26.3,53.4,7.0,154.3,coffee
100.7,13.0,28.7,23.5,66.1,6.9,138.3,coffee
105.3,31.1,33.8,24.8,56.1,6.6,187.5,coffee
99.3,32.8,30.6,28.1,61.3,6.3,129.4,coffee
85.1,32.8,22.9,27.6,62.0,6.1,157.9,coffee
83.9,24.3,32.3,27.4,65.5,6.6,168.0,coffee
120.0,15.6,33.7,28.2,61.0,6.8,192.9,coffee
109.4,16.7,26.0,23.8,61.9,7.1,205.3,coffee
115.0,33.5,31.1,26.3,52.7,6.8,202.3,coffee
94.3,31.0,28.5,26.0,68.8,6.7,190.0,coffee
99.2,24.3,29.7,27.5,54.5,7.1,198.0,coffee
113.8,35.2,26.4,27.0,53.7,6.8,190.2,coffee
116.0,17.8,27.3,24.7,57.8,7.5,127.6,coffee
78.6,23.9,32.0,24.7,51.6,6.8,135.7,coffee
82.6,13.2,24.0,26.4,66.6,6.9,191.2,coffee
112.0,13.9,27.7,25.7,64.1,7.2,165.6,coffee
98.8,23.5,33.9,26.3,54.1,6.1,182.4,coffee
114.6,26.3,26.3,24.8,68.4,6.7,166.3,coffee
100.4,23.5,29.2,27.0,61.4,7.4,145.3,coffee
108.0,14.1,34.4,23.0,56.3,6.1,193.2,coffee
94.9,16.6,28.1,24.2,65.7,6.7,174.0,coffee
79.2,22.1,26.3,23.3,64.0,7.6,122.9,coffee
95.1,33.1,34.6,25.3,66.6,6.3,156.9,coffee
118.9,34.6,34.9,26.9,61.4,6.1,184.2,coffee
107.1,22.2,31.4,26.4,61.7,7.2,121.0,coffee
105.3,20.5,28.2,26.1,68.7,6.6,113.1,coffee
90.7,26.4,27.7,23.5,55.9,7.4,187.4,coffee
113.9,31.7,27.3,26.2,62.0,7.0,150.6,coffee
108.8,28.3,32.7,23.5,59.4,6.6,173.6,coffee
94.8,30.6,40.8,25.4,52.8,6.5,160.5,coffee
107.6,34.1,31.0,25.0,69.0,7.1,181.4,coffee
107.2,27.2,26.6,26.3,56.4,6.8,161.0,coffee
82.6,28.9,30.8,27.6,70.8,7.4,185.3,coffee
95.6,29.1,30.2,25.2,52.7,6.5,161.6,coffee
92.2,30.0,25.7,24.8,59.8,7.4,167.3,coffee
82.7,31.4,33.7,26.3,52.9,7.3,178.6,coffee
